command	key	type	code	location	functionId	childNum	isCFGNode	operator	baseType	completeType	identifier
ANR	394	File	tmp/FFmpeg_1dd797e3_21886.c								
ANR	395	Function	ff_yuv2rgb_c_init_tables	1:0:0:9221							
ANR	396	FunctionDef	"ff_yuv2rgb_c_init_tables (SwsContext * c , const int inv_table [ 4 ] , int fullRange , int brightness , int contrast , int saturation)"		395	0					
ANR	397	CompoundStatement		4:0:211:9221	395	0					
ANR	398	IdentifierDeclStatement	const int isRgb = c -> dstFormat == AV_PIX_FMT_RGB32 || c -> dstFormat == AV_PIX_FMT_RGB32_1 || c -> dstFormat == AV_PIX_FMT_BGR24 || c -> dstFormat == AV_PIX_FMT_RGB565BE || c -> dstFormat == AV_PIX_FMT_RGB565LE || c -> dstFormat == AV_PIX_FMT_RGB555BE || c -> dstFormat == AV_PIX_FMT_RGB555LE || c -> dstFormat == AV_PIX_FMT_RGB444BE || c -> dstFormat == AV_PIX_FMT_RGB444LE || c -> dstFormat == AV_PIX_FMT_RGB8 || c -> dstFormat == AV_PIX_FMT_RGB4 || c -> dstFormat == AV_PIX_FMT_RGB4_BYTE || c -> dstFormat == AV_PIX_FMT_MONOBLACK ;	5:4:217:1015	395	0	True				
ANR	399	IdentifierDecl	isRgb = c -> dstFormat == AV_PIX_FMT_RGB32 || c -> dstFormat == AV_PIX_FMT_RGB32_1 || c -> dstFormat == AV_PIX_FMT_BGR24 || c -> dstFormat == AV_PIX_FMT_RGB565BE || c -> dstFormat == AV_PIX_FMT_RGB565LE || c -> dstFormat == AV_PIX_FMT_RGB555BE || c -> dstFormat == AV_PIX_FMT_RGB555LE || c -> dstFormat == AV_PIX_FMT_RGB444BE || c -> dstFormat == AV_PIX_FMT_RGB444LE || c -> dstFormat == AV_PIX_FMT_RGB8 || c -> dstFormat == AV_PIX_FMT_RGB4 || c -> dstFormat == AV_PIX_FMT_RGB4_BYTE || c -> dstFormat == AV_PIX_FMT_MONOBLACK		395	0					
ANR	400	IdentifierDeclType	const int		395	0					
ANR	401	Identifier	isRgb		395	1					
ANR	402	AssignmentExpression	isRgb = c -> dstFormat == AV_PIX_FMT_RGB32 || c -> dstFormat == AV_PIX_FMT_RGB32_1 || c -> dstFormat == AV_PIX_FMT_BGR24 || c -> dstFormat == AV_PIX_FMT_RGB565BE || c -> dstFormat == AV_PIX_FMT_RGB565LE || c -> dstFormat == AV_PIX_FMT_RGB555BE || c -> dstFormat == AV_PIX_FMT_RGB555LE || c -> dstFormat == AV_PIX_FMT_RGB444BE || c -> dstFormat == AV_PIX_FMT_RGB444LE || c -> dstFormat == AV_PIX_FMT_RGB8 || c -> dstFormat == AV_PIX_FMT_RGB4 || c -> dstFormat == AV_PIX_FMT_RGB4_BYTE || c -> dstFormat == AV_PIX_FMT_MONOBLACK		395	2		=			
ANR	403	Identifier	isRgb		395	0					
ANR	404	OrExpression	c -> dstFormat == AV_PIX_FMT_RGB32 || c -> dstFormat == AV_PIX_FMT_RGB32_1 || c -> dstFormat == AV_PIX_FMT_BGR24 || c -> dstFormat == AV_PIX_FMT_RGB565BE || c -> dstFormat == AV_PIX_FMT_RGB565LE || c -> dstFormat == AV_PIX_FMT_RGB555BE || c -> dstFormat == AV_PIX_FMT_RGB555LE || c -> dstFormat == AV_PIX_FMT_RGB444BE || c -> dstFormat == AV_PIX_FMT_RGB444LE || c -> dstFormat == AV_PIX_FMT_RGB8 || c -> dstFormat == AV_PIX_FMT_RGB4 || c -> dstFormat == AV_PIX_FMT_RGB4_BYTE || c -> dstFormat == AV_PIX_FMT_MONOBLACK		395	1		||			
ANR	405	EqualityExpression	c -> dstFormat == AV_PIX_FMT_RGB32		395	0		==			
ANR	406	PtrMemberAccess	c -> dstFormat		395	0					
ANR	407	Identifier	c		395	0					
ANR	408	Identifier	dstFormat		395	1					
ANR	409	Identifier	AV_PIX_FMT_RGB32		395	1					
ANR	410	OrExpression	c -> dstFormat == AV_PIX_FMT_RGB32_1 || c -> dstFormat == AV_PIX_FMT_BGR24 || c -> dstFormat == AV_PIX_FMT_RGB565BE || c -> dstFormat == AV_PIX_FMT_RGB565LE || c -> dstFormat == AV_PIX_FMT_RGB555BE || c -> dstFormat == AV_PIX_FMT_RGB555LE || c -> dstFormat == AV_PIX_FMT_RGB444BE || c -> dstFormat == AV_PIX_FMT_RGB444LE || c -> dstFormat == AV_PIX_FMT_RGB8 || c -> dstFormat == AV_PIX_FMT_RGB4 || c -> dstFormat == AV_PIX_FMT_RGB4_BYTE || c -> dstFormat == AV_PIX_FMT_MONOBLACK		395	1		||			
ANR	411	EqualityExpression	c -> dstFormat == AV_PIX_FMT_RGB32_1		395	0		==			
ANR	412	PtrMemberAccess	c -> dstFormat		395	0					
ANR	413	Identifier	c		395	0					
ANR	414	Identifier	dstFormat		395	1					
ANR	415	Identifier	AV_PIX_FMT_RGB32_1		395	1					
ANR	416	OrExpression	c -> dstFormat == AV_PIX_FMT_BGR24 || c -> dstFormat == AV_PIX_FMT_RGB565BE || c -> dstFormat == AV_PIX_FMT_RGB565LE || c -> dstFormat == AV_PIX_FMT_RGB555BE || c -> dstFormat == AV_PIX_FMT_RGB555LE || c -> dstFormat == AV_PIX_FMT_RGB444BE || c -> dstFormat == AV_PIX_FMT_RGB444LE || c -> dstFormat == AV_PIX_FMT_RGB8 || c -> dstFormat == AV_PIX_FMT_RGB4 || c -> dstFormat == AV_PIX_FMT_RGB4_BYTE || c -> dstFormat == AV_PIX_FMT_MONOBLACK		395	1		||			
ANR	417	EqualityExpression	c -> dstFormat == AV_PIX_FMT_BGR24		395	0		==			
ANR	418	PtrMemberAccess	c -> dstFormat		395	0					
ANR	419	Identifier	c		395	0					
ANR	420	Identifier	dstFormat		395	1					
ANR	421	Identifier	AV_PIX_FMT_BGR24		395	1					
ANR	422	OrExpression	c -> dstFormat == AV_PIX_FMT_RGB565BE || c -> dstFormat == AV_PIX_FMT_RGB565LE || c -> dstFormat == AV_PIX_FMT_RGB555BE || c -> dstFormat == AV_PIX_FMT_RGB555LE || c -> dstFormat == AV_PIX_FMT_RGB444BE || c -> dstFormat == AV_PIX_FMT_RGB444LE || c -> dstFormat == AV_PIX_FMT_RGB8 || c -> dstFormat == AV_PIX_FMT_RGB4 || c -> dstFormat == AV_PIX_FMT_RGB4_BYTE || c -> dstFormat == AV_PIX_FMT_MONOBLACK		395	1		||			
ANR	423	EqualityExpression	c -> dstFormat == AV_PIX_FMT_RGB565BE		395	0		==			
ANR	424	PtrMemberAccess	c -> dstFormat		395	0					
ANR	425	Identifier	c		395	0					
ANR	426	Identifier	dstFormat		395	1					
ANR	427	Identifier	AV_PIX_FMT_RGB565BE		395	1					
ANR	428	OrExpression	c -> dstFormat == AV_PIX_FMT_RGB565LE || c -> dstFormat == AV_PIX_FMT_RGB555BE || c -> dstFormat == AV_PIX_FMT_RGB555LE || c -> dstFormat == AV_PIX_FMT_RGB444BE || c -> dstFormat == AV_PIX_FMT_RGB444LE || c -> dstFormat == AV_PIX_FMT_RGB8 || c -> dstFormat == AV_PIX_FMT_RGB4 || c -> dstFormat == AV_PIX_FMT_RGB4_BYTE || c -> dstFormat == AV_PIX_FMT_MONOBLACK		395	1		||			
ANR	429	EqualityExpression	c -> dstFormat == AV_PIX_FMT_RGB565LE		395	0		==			
ANR	430	PtrMemberAccess	c -> dstFormat		395	0					
ANR	431	Identifier	c		395	0					
ANR	432	Identifier	dstFormat		395	1					
ANR	433	Identifier	AV_PIX_FMT_RGB565LE		395	1					
ANR	434	OrExpression	c -> dstFormat == AV_PIX_FMT_RGB555BE || c -> dstFormat == AV_PIX_FMT_RGB555LE || c -> dstFormat == AV_PIX_FMT_RGB444BE || c -> dstFormat == AV_PIX_FMT_RGB444LE || c -> dstFormat == AV_PIX_FMT_RGB8 || c -> dstFormat == AV_PIX_FMT_RGB4 || c -> dstFormat == AV_PIX_FMT_RGB4_BYTE || c -> dstFormat == AV_PIX_FMT_MONOBLACK		395	1		||			
ANR	435	EqualityExpression	c -> dstFormat == AV_PIX_FMT_RGB555BE		395	0		==			
ANR	436	PtrMemberAccess	c -> dstFormat		395	0					
ANR	437	Identifier	c		395	0					
ANR	438	Identifier	dstFormat		395	1					
ANR	439	Identifier	AV_PIX_FMT_RGB555BE		395	1					
ANR	440	OrExpression	c -> dstFormat == AV_PIX_FMT_RGB555LE || c -> dstFormat == AV_PIX_FMT_RGB444BE || c -> dstFormat == AV_PIX_FMT_RGB444LE || c -> dstFormat == AV_PIX_FMT_RGB8 || c -> dstFormat == AV_PIX_FMT_RGB4 || c -> dstFormat == AV_PIX_FMT_RGB4_BYTE || c -> dstFormat == AV_PIX_FMT_MONOBLACK		395	1		||			
ANR	441	EqualityExpression	c -> dstFormat == AV_PIX_FMT_RGB555LE		395	0		==			
ANR	442	PtrMemberAccess	c -> dstFormat		395	0					
ANR	443	Identifier	c		395	0					
ANR	444	Identifier	dstFormat		395	1					
ANR	445	Identifier	AV_PIX_FMT_RGB555LE		395	1					
ANR	446	OrExpression	c -> dstFormat == AV_PIX_FMT_RGB444BE || c -> dstFormat == AV_PIX_FMT_RGB444LE || c -> dstFormat == AV_PIX_FMT_RGB8 || c -> dstFormat == AV_PIX_FMT_RGB4 || c -> dstFormat == AV_PIX_FMT_RGB4_BYTE || c -> dstFormat == AV_PIX_FMT_MONOBLACK		395	1		||			
ANR	447	EqualityExpression	c -> dstFormat == AV_PIX_FMT_RGB444BE		395	0		==			
ANR	448	PtrMemberAccess	c -> dstFormat		395	0					
ANR	449	Identifier	c		395	0					
ANR	450	Identifier	dstFormat		395	1					
ANR	451	Identifier	AV_PIX_FMT_RGB444BE		395	1					
ANR	452	OrExpression	c -> dstFormat == AV_PIX_FMT_RGB444LE || c -> dstFormat == AV_PIX_FMT_RGB8 || c -> dstFormat == AV_PIX_FMT_RGB4 || c -> dstFormat == AV_PIX_FMT_RGB4_BYTE || c -> dstFormat == AV_PIX_FMT_MONOBLACK		395	1		||			
ANR	453	EqualityExpression	c -> dstFormat == AV_PIX_FMT_RGB444LE		395	0		==			
ANR	454	PtrMemberAccess	c -> dstFormat		395	0					
ANR	455	Identifier	c		395	0					
ANR	456	Identifier	dstFormat		395	1					
ANR	457	Identifier	AV_PIX_FMT_RGB444LE		395	1					
ANR	458	OrExpression	c -> dstFormat == AV_PIX_FMT_RGB8 || c -> dstFormat == AV_PIX_FMT_RGB4 || c -> dstFormat == AV_PIX_FMT_RGB4_BYTE || c -> dstFormat == AV_PIX_FMT_MONOBLACK		395	1		||			
ANR	459	EqualityExpression	c -> dstFormat == AV_PIX_FMT_RGB8		395	0		==			
ANR	460	PtrMemberAccess	c -> dstFormat		395	0					
ANR	461	Identifier	c		395	0					
ANR	462	Identifier	dstFormat		395	1					
ANR	463	Identifier	AV_PIX_FMT_RGB8		395	1					
ANR	464	OrExpression	c -> dstFormat == AV_PIX_FMT_RGB4 || c -> dstFormat == AV_PIX_FMT_RGB4_BYTE || c -> dstFormat == AV_PIX_FMT_MONOBLACK		395	1		||			
ANR	465	EqualityExpression	c -> dstFormat == AV_PIX_FMT_RGB4		395	0		==			
ANR	466	PtrMemberAccess	c -> dstFormat		395	0					
ANR	467	Identifier	c		395	0					
ANR	468	Identifier	dstFormat		395	1					
ANR	469	Identifier	AV_PIX_FMT_RGB4		395	1					
ANR	470	OrExpression	c -> dstFormat == AV_PIX_FMT_RGB4_BYTE || c -> dstFormat == AV_PIX_FMT_MONOBLACK		395	1		||			
ANR	471	EqualityExpression	c -> dstFormat == AV_PIX_FMT_RGB4_BYTE		395	0		==			
ANR	472	PtrMemberAccess	c -> dstFormat		395	0					
ANR	473	Identifier	c		395	0					
ANR	474	Identifier	dstFormat		395	1					
ANR	475	Identifier	AV_PIX_FMT_RGB4_BYTE		395	1					
ANR	476	EqualityExpression	c -> dstFormat == AV_PIX_FMT_MONOBLACK		395	1		==			
ANR	477	PtrMemberAccess	c -> dstFormat		395	0					
ANR	478	Identifier	c		395	0					
ANR	479	Identifier	dstFormat		395	1					
ANR	480	Identifier	AV_PIX_FMT_MONOBLACK		395	1					
ANR	481	IdentifierDeclStatement	"const int isNotNe = c -> dstFormat == AV_PIX_FMT_NE ( RGB565LE , RGB565BE ) || c -> dstFormat == AV_PIX_FMT_NE ( RGB555LE , RGB555BE ) || c -> dstFormat == AV_PIX_FMT_NE ( RGB444LE , RGB444BE ) || c -> dstFormat == AV_PIX_FMT_NE ( BGR565LE , BGR565BE ) || c -> dstFormat == AV_PIX_FMT_NE ( BGR555LE , BGR555BE ) || c -> dstFormat == AV_PIX_FMT_NE ( BGR444LE , BGR444BE ) ;"	18:4:1021:1475	395	1	True				
ANR	482	IdentifierDecl	"isNotNe = c -> dstFormat == AV_PIX_FMT_NE ( RGB565LE , RGB565BE ) || c -> dstFormat == AV_PIX_FMT_NE ( RGB555LE , RGB555BE ) || c -> dstFormat == AV_PIX_FMT_NE ( RGB444LE , RGB444BE ) || c -> dstFormat == AV_PIX_FMT_NE ( BGR565LE , BGR565BE ) || c -> dstFormat == AV_PIX_FMT_NE ( BGR555LE , BGR555BE ) || c -> dstFormat == AV_PIX_FMT_NE ( BGR444LE , BGR444BE )"		395	0					
ANR	483	IdentifierDeclType	const int		395	0					
ANR	484	Identifier	isNotNe		395	1					
ANR	485	AssignmentExpression	"isNotNe = c -> dstFormat == AV_PIX_FMT_NE ( RGB565LE , RGB565BE ) || c -> dstFormat == AV_PIX_FMT_NE ( RGB555LE , RGB555BE ) || c -> dstFormat == AV_PIX_FMT_NE ( RGB444LE , RGB444BE ) || c -> dstFormat == AV_PIX_FMT_NE ( BGR565LE , BGR565BE ) || c -> dstFormat == AV_PIX_FMT_NE ( BGR555LE , BGR555BE ) || c -> dstFormat == AV_PIX_FMT_NE ( BGR444LE , BGR444BE )"		395	2		=			
ANR	486	Identifier	isNotNe		395	0					
ANR	487	OrExpression	"c -> dstFormat == AV_PIX_FMT_NE ( RGB565LE , RGB565BE ) || c -> dstFormat == AV_PIX_FMT_NE ( RGB555LE , RGB555BE ) || c -> dstFormat == AV_PIX_FMT_NE ( RGB444LE , RGB444BE ) || c -> dstFormat == AV_PIX_FMT_NE ( BGR565LE , BGR565BE ) || c -> dstFormat == AV_PIX_FMT_NE ( BGR555LE , BGR555BE ) || c -> dstFormat == AV_PIX_FMT_NE ( BGR444LE , BGR444BE )"		395	1		||			
ANR	488	EqualityExpression	"c -> dstFormat == AV_PIX_FMT_NE ( RGB565LE , RGB565BE )"		395	0		==			
ANR	489	PtrMemberAccess	c -> dstFormat		395	0					
ANR	490	Identifier	c		395	0					
ANR	491	Identifier	dstFormat		395	1					
ANR	492	CallExpression	"AV_PIX_FMT_NE ( RGB565LE , RGB565BE )"		395	1					
ANR	493	Callee	AV_PIX_FMT_NE		395	0					
ANR	494	Identifier	AV_PIX_FMT_NE		395	0					
ANR	495	ArgumentList	RGB565LE		395	1					
ANR	496	Argument	RGB565LE		395	0					
ANR	497	Identifier	RGB565LE		395	0					
ANR	498	Argument	RGB565BE		395	1					
ANR	499	Identifier	RGB565BE		395	0					
ANR	500	OrExpression	"c -> dstFormat == AV_PIX_FMT_NE ( RGB555LE , RGB555BE ) || c -> dstFormat == AV_PIX_FMT_NE ( RGB444LE , RGB444BE ) || c -> dstFormat == AV_PIX_FMT_NE ( BGR565LE , BGR565BE ) || c -> dstFormat == AV_PIX_FMT_NE ( BGR555LE , BGR555BE ) || c -> dstFormat == AV_PIX_FMT_NE ( BGR444LE , BGR444BE )"		395	1		||			
ANR	501	EqualityExpression	"c -> dstFormat == AV_PIX_FMT_NE ( RGB555LE , RGB555BE )"		395	0		==			
ANR	502	PtrMemberAccess	c -> dstFormat		395	0					
ANR	503	Identifier	c		395	0					
ANR	504	Identifier	dstFormat		395	1					
ANR	505	CallExpression	"AV_PIX_FMT_NE ( RGB555LE , RGB555BE )"		395	1					
ANR	506	Callee	AV_PIX_FMT_NE		395	0					
ANR	507	Identifier	AV_PIX_FMT_NE		395	0					
ANR	508	ArgumentList	RGB555LE		395	1					
ANR	509	Argument	RGB555LE		395	0					
ANR	510	Identifier	RGB555LE		395	0					
ANR	511	Argument	RGB555BE		395	1					
ANR	512	Identifier	RGB555BE		395	0					
ANR	513	OrExpression	"c -> dstFormat == AV_PIX_FMT_NE ( RGB444LE , RGB444BE ) || c -> dstFormat == AV_PIX_FMT_NE ( BGR565LE , BGR565BE ) || c -> dstFormat == AV_PIX_FMT_NE ( BGR555LE , BGR555BE ) || c -> dstFormat == AV_PIX_FMT_NE ( BGR444LE , BGR444BE )"		395	1		||			
ANR	514	EqualityExpression	"c -> dstFormat == AV_PIX_FMT_NE ( RGB444LE , RGB444BE )"		395	0		==			
ANR	515	PtrMemberAccess	c -> dstFormat		395	0					
ANR	516	Identifier	c		395	0					
ANR	517	Identifier	dstFormat		395	1					
ANR	518	CallExpression	"AV_PIX_FMT_NE ( RGB444LE , RGB444BE )"		395	1					
ANR	519	Callee	AV_PIX_FMT_NE		395	0					
ANR	520	Identifier	AV_PIX_FMT_NE		395	0					
ANR	521	ArgumentList	RGB444LE		395	1					
ANR	522	Argument	RGB444LE		395	0					
ANR	523	Identifier	RGB444LE		395	0					
ANR	524	Argument	RGB444BE		395	1					
ANR	525	Identifier	RGB444BE		395	0					
ANR	526	OrExpression	"c -> dstFormat == AV_PIX_FMT_NE ( BGR565LE , BGR565BE ) || c -> dstFormat == AV_PIX_FMT_NE ( BGR555LE , BGR555BE ) || c -> dstFormat == AV_PIX_FMT_NE ( BGR444LE , BGR444BE )"		395	1		||			
ANR	527	EqualityExpression	"c -> dstFormat == AV_PIX_FMT_NE ( BGR565LE , BGR565BE )"		395	0		==			
ANR	528	PtrMemberAccess	c -> dstFormat		395	0					
ANR	529	Identifier	c		395	0					
ANR	530	Identifier	dstFormat		395	1					
ANR	531	CallExpression	"AV_PIX_FMT_NE ( BGR565LE , BGR565BE )"		395	1					
ANR	532	Callee	AV_PIX_FMT_NE		395	0					
ANR	533	Identifier	AV_PIX_FMT_NE		395	0					
ANR	534	ArgumentList	BGR565LE		395	1					
ANR	535	Argument	BGR565LE		395	0					
ANR	536	Identifier	BGR565LE		395	0					
ANR	537	Argument	BGR565BE		395	1					
ANR	538	Identifier	BGR565BE		395	0					
ANR	539	OrExpression	"c -> dstFormat == AV_PIX_FMT_NE ( BGR555LE , BGR555BE ) || c -> dstFormat == AV_PIX_FMT_NE ( BGR444LE , BGR444BE )"		395	1		||			
ANR	540	EqualityExpression	"c -> dstFormat == AV_PIX_FMT_NE ( BGR555LE , BGR555BE )"		395	0		==			
ANR	541	PtrMemberAccess	c -> dstFormat		395	0					
ANR	542	Identifier	c		395	0					
ANR	543	Identifier	dstFormat		395	1					
ANR	544	CallExpression	"AV_PIX_FMT_NE ( BGR555LE , BGR555BE )"		395	1					
ANR	545	Callee	AV_PIX_FMT_NE		395	0					
ANR	546	Identifier	AV_PIX_FMT_NE		395	0					
ANR	547	ArgumentList	BGR555LE		395	1					
ANR	548	Argument	BGR555LE		395	0					
ANR	549	Identifier	BGR555LE		395	0					
ANR	550	Argument	BGR555BE		395	1					
ANR	551	Identifier	BGR555BE		395	0					
ANR	552	EqualityExpression	"c -> dstFormat == AV_PIX_FMT_NE ( BGR444LE , BGR444BE )"		395	1		==			
ANR	553	PtrMemberAccess	c -> dstFormat		395	0					
ANR	554	Identifier	c		395	0					
ANR	555	Identifier	dstFormat		395	1					
ANR	556	CallExpression	"AV_PIX_FMT_NE ( BGR444LE , BGR444BE )"		395	1					
ANR	557	Callee	AV_PIX_FMT_NE		395	0					
ANR	558	Identifier	AV_PIX_FMT_NE		395	0					
ANR	559	ArgumentList	BGR444LE		395	1					
ANR	560	Argument	BGR444LE		395	0					
ANR	561	Identifier	BGR444LE		395	0					
ANR	562	Argument	BGR444BE		395	1					
ANR	563	Identifier	BGR444BE		395	0					
ANR	564	IdentifierDeclStatement	const int bpp = c -> dstFormatBpp ;	24:4:1481:1512	395	2	True				
ANR	565	IdentifierDecl	bpp = c -> dstFormatBpp		395	0					
ANR	566	IdentifierDeclType	const int		395	0					
ANR	567	Identifier	bpp		395	1					
ANR	568	AssignmentExpression	bpp = c -> dstFormatBpp		395	2		=			
ANR	569	Identifier	bpp		395	0					
ANR	570	PtrMemberAccess	c -> dstFormatBpp		395	1					
ANR	571	Identifier	c		395	0					
ANR	572	Identifier	dstFormatBpp		395	1					
ANR	573	IdentifierDeclStatement	uint8_t * y_table ;	25:4:1518:1534	395	3	True				
ANR	574	IdentifierDecl	* y_table		395	0					
ANR	575	IdentifierDeclType	uint8_t *		395	0					
ANR	576	Identifier	y_table		395	1					
ANR	577	IdentifierDeclStatement	uint16_t * y_table16 ;	26:4:1540:1559	395	4	True				
ANR	578	IdentifierDecl	* y_table16		395	0					
ANR	579	IdentifierDeclType	uint16_t *		395	0					
ANR	580	Identifier	y_table16		395	1					
ANR	581	IdentifierDeclStatement	uint32_t * y_table32 ;	27:4:1565:1584	395	5	True				
ANR	582	IdentifierDecl	* y_table32		395	0					
ANR	583	IdentifierDeclType	uint32_t *		395	0					
ANR	584	Identifier	y_table32		395	1					
ANR	585	IdentifierDeclStatement	"int i , base , rbase , gbase , bbase , abase , needAlpha ;"	28:4:1590:1640	395	6	True				
ANR	586	IdentifierDecl	i		395	0					
ANR	587	IdentifierDeclType	int		395	0					
ANR	588	Identifier	i		395	1					
ANR	589	IdentifierDecl	base		395	1					
ANR	590	IdentifierDeclType	int		395	0					
ANR	591	Identifier	base		395	1					
ANR	592	IdentifierDecl	rbase		395	2					
ANR	593	IdentifierDeclType	int		395	0					
ANR	594	Identifier	rbase		395	1					
ANR	595	IdentifierDecl	gbase		395	3					
ANR	596	IdentifierDeclType	int		395	0					
ANR	597	Identifier	gbase		395	1					
ANR	598	IdentifierDecl	bbase		395	4					
ANR	599	IdentifierDeclType	int		395	0					
ANR	600	Identifier	bbase		395	1					
ANR	601	IdentifierDecl	abase		395	5					
ANR	602	IdentifierDeclType	int		395	0					
ANR	603	Identifier	abase		395	1					
ANR	604	IdentifierDecl	needAlpha		395	6					
ANR	605	IdentifierDeclType	int		395	0					
ANR	606	Identifier	needAlpha		395	1					
ANR	607	IdentifierDeclStatement	const int yoffs = fullRange ? 384 : 326 ;	29:4:1646:1685	395	7	True				
ANR	608	IdentifierDecl	yoffs = fullRange ? 384 : 326		395	0					
ANR	609	IdentifierDeclType	const int		395	0					
ANR	610	Identifier	yoffs		395	1					
ANR	611	AssignmentExpression	yoffs = fullRange ? 384 : 326		395	2		=			
ANR	612	Identifier	yoffs		395	0					
ANR	613	ConditionalExpression	fullRange ? 384 : 326		395	1					
ANR	614	Condition	fullRange		395	0					
ANR	615	Identifier	fullRange		395	0					
ANR	616	PrimaryExpression	384		395	1					
ANR	617	PrimaryExpression	326		395	2					
ANR	618	IdentifierDeclStatement	int64_t crv = inv_table [ 0 ] ;	31:4:1692:1719	395	8	True				
ANR	619	IdentifierDecl	crv = inv_table [ 0 ]		395	0					
ANR	620	IdentifierDeclType	int64_t		395	0					
ANR	621	Identifier	crv		395	1					
ANR	622	AssignmentExpression	crv = inv_table [ 0 ]		395	2		=			
ANR	623	Identifier	crv		395	0					
ANR	624	ArrayIndexing	inv_table [ 0 ]		395	1					
ANR	625	Identifier	inv_table		395	0					
ANR	626	PrimaryExpression	0		395	1					
ANR	627	IdentifierDeclStatement	int64_t cbu = inv_table [ 1 ] ;	32:4:1725:1752	395	9	True				
ANR	628	IdentifierDecl	cbu = inv_table [ 1 ]		395	0					
ANR	629	IdentifierDeclType	int64_t		395	0					
ANR	630	Identifier	cbu		395	1					
ANR	631	AssignmentExpression	cbu = inv_table [ 1 ]		395	2		=			
ANR	632	Identifier	cbu		395	0					
ANR	633	ArrayIndexing	inv_table [ 1 ]		395	1					
ANR	634	Identifier	inv_table		395	0					
ANR	635	PrimaryExpression	1		395	1					
ANR	636	IdentifierDeclStatement	int64_t cgu = - inv_table [ 2 ] ;	33:4:1758:1785	395	10	True				
ANR	637	IdentifierDecl	cgu = - inv_table [ 2 ]		395	0					
ANR	638	IdentifierDeclType	int64_t		395	0					
ANR	639	Identifier	cgu		395	1					
ANR	640	AssignmentExpression	cgu = - inv_table [ 2 ]		395	2		=			
ANR	641	Identifier	cgu		395	0					
ANR	642	UnaryOperationExpression	- inv_table [ 2 ]		395	1					
ANR	643	UnaryOperator	-		395	0					
ANR	644	ArrayIndexing	inv_table [ 2 ]		395	1					
ANR	645	Identifier	inv_table		395	0					
ANR	646	PrimaryExpression	2		395	1					
ANR	647	IdentifierDeclStatement	int64_t cgv = - inv_table [ 3 ] ;	34:4:1791:1818	395	11	True				
ANR	648	IdentifierDecl	cgv = - inv_table [ 3 ]		395	0					
ANR	649	IdentifierDeclType	int64_t		395	0					
ANR	650	Identifier	cgv		395	1					
ANR	651	AssignmentExpression	cgv = - inv_table [ 3 ]		395	2		=			
ANR	652	Identifier	cgv		395	0					
ANR	653	UnaryOperationExpression	- inv_table [ 3 ]		395	1					
ANR	654	UnaryOperator	-		395	0					
ANR	655	ArrayIndexing	inv_table [ 3 ]		395	1					
ANR	656	Identifier	inv_table		395	0					
ANR	657	PrimaryExpression	3		395	1					
ANR	658	IdentifierDeclStatement	int64_t cy = 1 << 16 ;	35:4:1824:1845	395	12	True				
ANR	659	IdentifierDecl	cy = 1 << 16		395	0					
ANR	660	IdentifierDeclType	int64_t		395	0					
ANR	661	Identifier	cy		395	1					
ANR	662	AssignmentExpression	cy = 1 << 16		395	2		=			
ANR	663	Identifier	cy		395	0					
ANR	664	ShiftExpression	1 << 16		395	1		<<			
ANR	665	PrimaryExpression	1		395	0					
ANR	666	PrimaryExpression	16		395	1					
ANR	667	IdentifierDeclStatement	int64_t oy = 0 ;	36:4:1851:1866	395	13	True				
ANR	668	IdentifierDecl	oy = 0		395	0					
ANR	669	IdentifierDeclType	int64_t		395	0					
ANR	670	Identifier	oy		395	1					
ANR	671	AssignmentExpression	oy = 0		395	2		=			
ANR	672	Identifier	oy		395	0					
ANR	673	PrimaryExpression	0		395	1					
ANR	674	IdentifierDeclStatement	int64_t yb = 0 ;	37:4:1872:1887	395	14	True				
ANR	675	IdentifierDecl	yb = 0		395	0					
ANR	676	IdentifierDeclType	int64_t		395	0					
ANR	677	Identifier	yb		395	1					
ANR	678	AssignmentExpression	yb = 0		395	2		=			
ANR	679	Identifier	yb		395	0					
ANR	680	PrimaryExpression	0		395	1					
ANR	681	IfStatement	if ( ! fullRange )		395	15					
ANR	682	Condition	! fullRange	39:8:1898:1907	395	0	True				
ANR	683	UnaryOperationExpression	! fullRange		395	0					
ANR	684	UnaryOperator	!		395	0					
ANR	685	Identifier	fullRange		395	1					
ANR	686	CompoundStatement		36:20:1698:1698	395	1					
ANR	687	ExpressionStatement	cy = ( cy * 255 ) / 219	40:8:1920:1941	395	0	True				
ANR	688	AssignmentExpression	cy = ( cy * 255 ) / 219		395	0		=			
ANR	689	Identifier	cy		395	0					
ANR	690	MultiplicativeExpression	( cy * 255 ) / 219		395	1		/			
ANR	691	MultiplicativeExpression	cy * 255		395	0		*			
ANR	692	Identifier	cy		395	0					
ANR	693	PrimaryExpression	255		395	1					
ANR	694	PrimaryExpression	219		395	1					
ANR	695	ExpressionStatement	oy = 16 << 16	41:8:1951:1964	395	1	True				
ANR	696	AssignmentExpression	oy = 16 << 16		395	0		=			
ANR	697	Identifier	oy		395	0					
ANR	698	ShiftExpression	16 << 16		395	1		<<			
ANR	699	PrimaryExpression	16		395	0					
ANR	700	PrimaryExpression	16		395	1					
ANR	701	ElseStatement	else		395	0					
ANR	702	CompoundStatement		39:11:1765:1765	395	0					
ANR	703	ExpressionStatement	crv = ( crv * 224 ) / 255	43:8:1987:2010	395	0	True				
ANR	704	AssignmentExpression	crv = ( crv * 224 ) / 255		395	0		=			
ANR	705	Identifier	crv		395	0					
ANR	706	MultiplicativeExpression	( crv * 224 ) / 255		395	1		/			
ANR	707	MultiplicativeExpression	crv * 224		395	0		*			
ANR	708	Identifier	crv		395	0					
ANR	709	PrimaryExpression	224		395	1					
ANR	710	PrimaryExpression	255		395	1					
ANR	711	ExpressionStatement	cbu = ( cbu * 224 ) / 255	44:8:2020:2043	395	1	True				
ANR	712	AssignmentExpression	cbu = ( cbu * 224 ) / 255		395	0		=			
ANR	713	Identifier	cbu		395	0					
ANR	714	MultiplicativeExpression	( cbu * 224 ) / 255		395	1		/			
ANR	715	MultiplicativeExpression	cbu * 224		395	0		*			
ANR	716	Identifier	cbu		395	0					
ANR	717	PrimaryExpression	224		395	1					
ANR	718	PrimaryExpression	255		395	1					
ANR	719	ExpressionStatement	cgu = ( cgu * 224 ) / 255	45:8:2053:2076	395	2	True				
ANR	720	AssignmentExpression	cgu = ( cgu * 224 ) / 255		395	0		=			
ANR	721	Identifier	cgu		395	0					
ANR	722	MultiplicativeExpression	( cgu * 224 ) / 255		395	1		/			
ANR	723	MultiplicativeExpression	cgu * 224		395	0		*			
ANR	724	Identifier	cgu		395	0					
ANR	725	PrimaryExpression	224		395	1					
ANR	726	PrimaryExpression	255		395	1					
ANR	727	ExpressionStatement	cgv = ( cgv * 224 ) / 255	46:8:2086:2109	395	3	True				
ANR	728	AssignmentExpression	cgv = ( cgv * 224 ) / 255		395	0		=			
ANR	729	Identifier	cgv		395	0					
ANR	730	MultiplicativeExpression	( cgv * 224 ) / 255		395	1		/			
ANR	731	MultiplicativeExpression	cgv * 224		395	0		*			
ANR	732	Identifier	cgv		395	0					
ANR	733	PrimaryExpression	224		395	1					
ANR	734	PrimaryExpression	255		395	1					
ANR	735	ExpressionStatement	cy = ( cy * contrast ) >> 16	49:4:2122:2164	395	16	True				
ANR	736	AssignmentExpression	cy = ( cy * contrast ) >> 16		395	0		=			
ANR	737	Identifier	cy		395	0					
ANR	738	ShiftExpression	( cy * contrast ) >> 16		395	1		>>			
ANR	739	MultiplicativeExpression	cy * contrast		395	0		*			
ANR	740	Identifier	cy		395	0					
ANR	741	Identifier	contrast		395	1					
ANR	742	PrimaryExpression	16		395	1					
ANR	743	ExpressionStatement	crv = ( crv * contrast * saturation ) >> 32	50:4:2170:2212	395	17	True				
ANR	744	AssignmentExpression	crv = ( crv * contrast * saturation ) >> 32		395	0		=			
ANR	745	Identifier	crv		395	0					
ANR	746	ShiftExpression	( crv * contrast * saturation ) >> 32		395	1		>>			
ANR	747	MultiplicativeExpression	crv * contrast * saturation		395	0		*			
ANR	748	Identifier	crv		395	0					
ANR	749	MultiplicativeExpression	contrast * saturation		395	1		*			
ANR	750	Identifier	contrast		395	0					
ANR	751	Identifier	saturation		395	1					
ANR	752	PrimaryExpression	32		395	1					
ANR	753	ExpressionStatement	cbu = ( cbu * contrast * saturation ) >> 32	51:4:2218:2260	395	18	True				
ANR	754	AssignmentExpression	cbu = ( cbu * contrast * saturation ) >> 32		395	0		=			
ANR	755	Identifier	cbu		395	0					
ANR	756	ShiftExpression	( cbu * contrast * saturation ) >> 32		395	1		>>			
ANR	757	MultiplicativeExpression	cbu * contrast * saturation		395	0		*			
ANR	758	Identifier	cbu		395	0					
ANR	759	MultiplicativeExpression	contrast * saturation		395	1		*			
ANR	760	Identifier	contrast		395	0					
ANR	761	Identifier	saturation		395	1					
ANR	762	PrimaryExpression	32		395	1					
ANR	763	ExpressionStatement	cgu = ( cgu * contrast * saturation ) >> 32	52:4:2266:2308	395	19	True				
ANR	764	AssignmentExpression	cgu = ( cgu * contrast * saturation ) >> 32		395	0		=			
ANR	765	Identifier	cgu		395	0					
ANR	766	ShiftExpression	( cgu * contrast * saturation ) >> 32		395	1		>>			
ANR	767	MultiplicativeExpression	cgu * contrast * saturation		395	0		*			
ANR	768	Identifier	cgu		395	0					
ANR	769	MultiplicativeExpression	contrast * saturation		395	1		*			
ANR	770	Identifier	contrast		395	0					
ANR	771	Identifier	saturation		395	1					
ANR	772	PrimaryExpression	32		395	1					
ANR	773	ExpressionStatement	cgv = ( cgv * contrast * saturation ) >> 32	53:4:2314:2356	395	20	True				
ANR	774	AssignmentExpression	cgv = ( cgv * contrast * saturation ) >> 32		395	0		=			
ANR	775	Identifier	cgv		395	0					
ANR	776	ShiftExpression	( cgv * contrast * saturation ) >> 32		395	1		>>			
ANR	777	MultiplicativeExpression	cgv * contrast * saturation		395	0		*			
ANR	778	Identifier	cgv		395	0					
ANR	779	MultiplicativeExpression	contrast * saturation		395	1		*			
ANR	780	Identifier	contrast		395	0					
ANR	781	Identifier	saturation		395	1					
ANR	782	PrimaryExpression	32		395	1					
ANR	783	ExpressionStatement	oy -= 256 * brightness	54:4:2362:2385	395	21	True				
ANR	784	AssignmentExpression	oy -= 256 * brightness		395	0		-=			
ANR	785	Identifier	oy		395	0					
ANR	786	MultiplicativeExpression	256 * brightness		395	1		*			
ANR	787	PrimaryExpression	256		395	0					
ANR	788	Identifier	brightness		395	1					
ANR	789	Statement	c	56:4:2392:2392	395	22	True				
ANR	790	Statement	->	56:5:2393:2394	395	23	True				
ANR	791	Statement	uOffset	56:7:2395:2401	395	24	True				
ANR	792	Statement	=	56:15:2403:2403	395	25	True				
ANR	793	Statement	0x0400040004000400L	56:17:2405:2423	395	26	True				
ANR	794	ExpressionStatement	L	56:36:2424:2425	395	27	True				
ANR	795	Identifier	L		395	0					
ANR	796	Statement	c	57:4:2431:2431	395	28	True				
ANR	797	Statement	->	57:5:2432:2433	395	29	True				
ANR	798	Statement	vOffset	57:7:2434:2440	395	30	True				
ANR	799	Statement	=	57:15:2442:2442	395	31	True				
ANR	800	Statement	0x0400040004000400L	57:17:2444:2462	395	32	True				
ANR	801	ExpressionStatement	L	57:36:2463:2464	395	33	True				
ANR	802	Identifier	L		395	0					
ANR	803	Statement	c	58:4:2470:2470	395	34	True				
ANR	804	Statement	->	58:5:2471:2472	395	35	True				
ANR	805	Statement	yCoeff	58:7:2473:2478	395	36	True				
ANR	806	Statement	=	58:15:2481:2481	395	37	True				
ANR	807	Statement	roundToInt16	58:17:2483:2494	395	38	True				
ANR	808	Statement	(	58:29:2495:2495	395	39	True				
ANR	809	Statement	cy	58:30:2496:2497	395	40	True				
ANR	810	Statement	*	58:34:2500:2500	395	41	True				
ANR	811	Statement	8192	58:36:2502:2505	395	42	True				
ANR	812	Statement	)	58:40:2506:2506	395	43	True				
ANR	813	Statement	*	58:42:2508:2508	395	44	True				
ANR	814	Statement	0x0001000100010001UL	58:44:2510:2529	395	45	True				
ANR	815	ExpressionStatement	L	58:64:2530:2531	395	46	True				
ANR	816	Identifier	L		395	0					
ANR	817	Statement	c	59:4:2537:2537	395	47	True				
ANR	818	Statement	->	59:5:2538:2539	395	48	True				
ANR	819	Statement	vrCoeff	59:7:2540:2546	395	49	True				
ANR	820	Statement	=	59:15:2548:2548	395	50	True				
ANR	821	Statement	roundToInt16	59:17:2550:2561	395	51	True				
ANR	822	Statement	(	59:29:2562:2562	395	52	True				
ANR	823	Statement	crv	59:30:2563:2565	395	53	True				
ANR	824	Statement	*	59:34:2567:2567	395	54	True				
ANR	825	Statement	8192	59:36:2569:2572	395	55	True				
ANR	826	Statement	)	59:40:2573:2573	395	56	True				
ANR	827	Statement	*	59:42:2575:2575	395	57	True				
ANR	828	Statement	0x0001000100010001UL	59:44:2577:2596	395	58	True				
ANR	829	ExpressionStatement	L	59:64:2597:2598	395	59	True				
ANR	830	Identifier	L		395	0					
ANR	831	Statement	c	60:4:2604:2604	395	60	True				
ANR	832	Statement	->	60:5:2605:2606	395	61	True				
ANR	833	Statement	ubCoeff	60:7:2607:2613	395	62	True				
ANR	834	Statement	=	60:15:2615:2615	395	63	True				
ANR	835	Statement	roundToInt16	60:17:2617:2628	395	64	True				
ANR	836	Statement	(	60:29:2629:2629	395	65	True				
ANR	837	Statement	cbu	60:30:2630:2632	395	66	True				
ANR	838	Statement	*	60:34:2634:2634	395	67	True				
ANR	839	Statement	8192	60:36:2636:2639	395	68	True				
ANR	840	Statement	)	60:40:2640:2640	395	69	True				
ANR	841	Statement	*	60:42:2642:2642	395	70	True				
ANR	842	Statement	0x0001000100010001UL	60:44:2644:2663	395	71	True				
ANR	843	ExpressionStatement	L	60:64:2664:2665	395	72	True				
ANR	844	Identifier	L		395	0					
ANR	845	Statement	c	61:4:2671:2671	395	73	True				
ANR	846	Statement	->	61:5:2672:2673	395	74	True				
ANR	847	Statement	vgCoeff	61:7:2674:2680	395	75	True				
ANR	848	Statement	=	61:15:2682:2682	395	76	True				
ANR	849	Statement	roundToInt16	61:17:2684:2695	395	77	True				
ANR	850	Statement	(	61:29:2696:2696	395	78	True				
ANR	851	Statement	cgv	61:30:2697:2699	395	79	True				
ANR	852	Statement	*	61:34:2701:2701	395	80	True				
ANR	853	Statement	8192	61:36:2703:2706	395	81	True				
ANR	854	Statement	)	61:40:2707:2707	395	82	True				
ANR	855	Statement	*	61:42:2709:2709	395	83	True				
ANR	856	Statement	0x0001000100010001UL	61:44:2711:2730	395	84	True				
ANR	857	ExpressionStatement	L	61:64:2731:2732	395	85	True				
ANR	858	Identifier	L		395	0					
ANR	859	Statement	c	62:4:2738:2738	395	86	True				
ANR	860	Statement	->	62:5:2739:2740	395	87	True				
ANR	861	Statement	ugCoeff	62:7:2741:2747	395	88	True				
ANR	862	Statement	=	62:15:2749:2749	395	89	True				
ANR	863	Statement	roundToInt16	62:17:2751:2762	395	90	True				
ANR	864	Statement	(	62:29:2763:2763	395	91	True				
ANR	865	Statement	cgu	62:30:2764:2766	395	92	True				
ANR	866	Statement	*	62:34:2768:2768	395	93	True				
ANR	867	Statement	8192	62:36:2770:2773	395	94	True				
ANR	868	Statement	)	62:40:2774:2774	395	95	True				
ANR	869	Statement	*	62:42:2776:2776	395	96	True				
ANR	870	Statement	0x0001000100010001UL	62:44:2778:2797	395	97	True				
ANR	871	ExpressionStatement	L	62:64:2798:2799	395	98	True				
ANR	872	Identifier	L		395	0					
ANR	873	Statement	c	63:4:2805:2805	395	99	True				
ANR	874	Statement	->	63:5:2806:2807	395	100	True				
ANR	875	Statement	yOffset	63:7:2808:2814	395	101	True				
ANR	876	Statement	=	63:15:2816:2816	395	102	True				
ANR	877	Statement	roundToInt16	63:17:2818:2829	395	103	True				
ANR	878	Statement	(	63:29:2830:2830	395	104	True				
ANR	879	Statement	oy	63:30:2831:2832	395	105	True				
ANR	880	Statement	*	63:34:2835:2835	395	106	True				
ANR	881	Statement	8	63:39:2840:2840	395	107	True				
ANR	882	Statement	)	63:40:2841:2841	395	108	True				
ANR	883	Statement	*	63:42:2843:2843	395	109	True				
ANR	884	Statement	0x0001000100010001UL	63:44:2845:2864	395	110	True				
ANR	885	ExpressionStatement	L	63:64:2865:2866	395	111	True				
ANR	886	Identifier	L		395	0					
ANR	887	ExpressionStatement	c -> yuv2rgb_y_coeff = ( int16_t ) roundToInt16 ( cy << 13 )	65:4:2873:2928	395	112	True				
ANR	888	AssignmentExpression	c -> yuv2rgb_y_coeff = ( int16_t ) roundToInt16 ( cy << 13 )		395	0		=			
ANR	889	PtrMemberAccess	c -> yuv2rgb_y_coeff		395	0					
ANR	890	Identifier	c		395	0					
ANR	891	Identifier	yuv2rgb_y_coeff		395	1					
ANR	892	CastExpression	( int16_t ) roundToInt16 ( cy << 13 )		395	1					
ANR	893	CastTarget	int16_t		395	0					
ANR	894	CallExpression	roundToInt16 ( cy << 13 )		395	1					
ANR	895	Callee	roundToInt16		395	0					
ANR	896	Identifier	roundToInt16		395	0					
ANR	897	ArgumentList	cy << 13		395	1					
ANR	898	Argument	cy << 13		395	0					
ANR	899	ShiftExpression	cy << 13		395	0		<<			
ANR	900	Identifier	cy		395	0					
ANR	901	PrimaryExpression	13		395	1					
ANR	902	ExpressionStatement	c -> yuv2rgb_y_offset = ( int16_t ) roundToInt16 ( oy << 9 )	66:4:2934:2989	395	113	True				
ANR	903	AssignmentExpression	c -> yuv2rgb_y_offset = ( int16_t ) roundToInt16 ( oy << 9 )		395	0		=			
ANR	904	PtrMemberAccess	c -> yuv2rgb_y_offset		395	0					
ANR	905	Identifier	c		395	0					
ANR	906	Identifier	yuv2rgb_y_offset		395	1					
ANR	907	CastExpression	( int16_t ) roundToInt16 ( oy << 9 )		395	1					
ANR	908	CastTarget	int16_t		395	0					
ANR	909	CallExpression	roundToInt16 ( oy << 9 )		395	1					
ANR	910	Callee	roundToInt16		395	0					
ANR	911	Identifier	roundToInt16		395	0					
ANR	912	ArgumentList	oy << 9		395	1					
ANR	913	Argument	oy << 9		395	0					
ANR	914	ShiftExpression	oy << 9		395	0		<<			
ANR	915	Identifier	oy		395	0					
ANR	916	PrimaryExpression	9		395	1					
ANR	917	ExpressionStatement	c -> yuv2rgb_v2r_coeff = ( int16_t ) roundToInt16 ( crv << 13 )	67:4:2995:3050	395	114	True				
ANR	918	AssignmentExpression	c -> yuv2rgb_v2r_coeff = ( int16_t ) roundToInt16 ( crv << 13 )		395	0		=			
ANR	919	PtrMemberAccess	c -> yuv2rgb_v2r_coeff		395	0					
ANR	920	Identifier	c		395	0					
ANR	921	Identifier	yuv2rgb_v2r_coeff		395	1					
ANR	922	CastExpression	( int16_t ) roundToInt16 ( crv << 13 )		395	1					
ANR	923	CastTarget	int16_t		395	0					
ANR	924	CallExpression	roundToInt16 ( crv << 13 )		395	1					
ANR	925	Callee	roundToInt16		395	0					
ANR	926	Identifier	roundToInt16		395	0					
ANR	927	ArgumentList	crv << 13		395	1					
ANR	928	Argument	crv << 13		395	0					
ANR	929	ShiftExpression	crv << 13		395	0		<<			
ANR	930	Identifier	crv		395	0					
ANR	931	PrimaryExpression	13		395	1					
ANR	932	ExpressionStatement	c -> yuv2rgb_v2g_coeff = ( int16_t ) roundToInt16 ( cgv << 13 )	68:4:3056:3111	395	115	True				
ANR	933	AssignmentExpression	c -> yuv2rgb_v2g_coeff = ( int16_t ) roundToInt16 ( cgv << 13 )		395	0		=			
ANR	934	PtrMemberAccess	c -> yuv2rgb_v2g_coeff		395	0					
ANR	935	Identifier	c		395	0					
ANR	936	Identifier	yuv2rgb_v2g_coeff		395	1					
ANR	937	CastExpression	( int16_t ) roundToInt16 ( cgv << 13 )		395	1					
ANR	938	CastTarget	int16_t		395	0					
ANR	939	CallExpression	roundToInt16 ( cgv << 13 )		395	1					
ANR	940	Callee	roundToInt16		395	0					
ANR	941	Identifier	roundToInt16		395	0					
ANR	942	ArgumentList	cgv << 13		395	1					
ANR	943	Argument	cgv << 13		395	0					
ANR	944	ShiftExpression	cgv << 13		395	0		<<			
ANR	945	Identifier	cgv		395	0					
ANR	946	PrimaryExpression	13		395	1					
ANR	947	ExpressionStatement	c -> yuv2rgb_u2g_coeff = ( int16_t ) roundToInt16 ( cgu << 13 )	69:4:3117:3172	395	116	True				
ANR	948	AssignmentExpression	c -> yuv2rgb_u2g_coeff = ( int16_t ) roundToInt16 ( cgu << 13 )		395	0		=			
ANR	949	PtrMemberAccess	c -> yuv2rgb_u2g_coeff		395	0					
ANR	950	Identifier	c		395	0					
ANR	951	Identifier	yuv2rgb_u2g_coeff		395	1					
ANR	952	CastExpression	( int16_t ) roundToInt16 ( cgu << 13 )		395	1					
ANR	953	CastTarget	int16_t		395	0					
ANR	954	CallExpression	roundToInt16 ( cgu << 13 )		395	1					
ANR	955	Callee	roundToInt16		395	0					
ANR	956	Identifier	roundToInt16		395	0					
ANR	957	ArgumentList	cgu << 13		395	1					
ANR	958	Argument	cgu << 13		395	0					
ANR	959	ShiftExpression	cgu << 13		395	0		<<			
ANR	960	Identifier	cgu		395	0					
ANR	961	PrimaryExpression	13		395	1					
ANR	962	ExpressionStatement	c -> yuv2rgb_u2b_coeff = ( int16_t ) roundToInt16 ( cbu << 13 )	70:4:3178:3233	395	117	True				
ANR	963	AssignmentExpression	c -> yuv2rgb_u2b_coeff = ( int16_t ) roundToInt16 ( cbu << 13 )		395	0		=			
ANR	964	PtrMemberAccess	c -> yuv2rgb_u2b_coeff		395	0					
ANR	965	Identifier	c		395	0					
ANR	966	Identifier	yuv2rgb_u2b_coeff		395	1					
ANR	967	CastExpression	( int16_t ) roundToInt16 ( cbu << 13 )		395	1					
ANR	968	CastTarget	int16_t		395	0					
ANR	969	CallExpression	roundToInt16 ( cbu << 13 )		395	1					
ANR	970	Callee	roundToInt16		395	0					
ANR	971	Identifier	roundToInt16		395	0					
ANR	972	ArgumentList	cbu << 13		395	1					
ANR	973	Argument	cbu << 13		395	0					
ANR	974	ShiftExpression	cbu << 13		395	0		<<			
ANR	975	Identifier	cbu		395	0					
ANR	976	PrimaryExpression	13		395	1					
ANR	977	ExpressionStatement	crv = ( ( crv << 16 ) + 0x8000 ) / cy	73:4:3271:3304	395	118	True				
ANR	978	AssignmentExpression	crv = ( ( crv << 16 ) + 0x8000 ) / cy		395	0		=			
ANR	979	Identifier	crv		395	0					
ANR	980	MultiplicativeExpression	( ( crv << 16 ) + 0x8000 ) / cy		395	1		/			
ANR	981	AdditiveExpression	( crv << 16 ) + 0x8000		395	0		+			
ANR	982	ShiftExpression	crv << 16		395	0		<<			
ANR	983	Identifier	crv		395	0					
ANR	984	PrimaryExpression	16		395	1					
ANR	985	PrimaryExpression	0x8000		395	1					
ANR	986	Identifier	cy		395	1					
ANR	987	ExpressionStatement	cbu = ( ( cbu << 16 ) + 0x8000 ) / cy	74:4:3310:3343	395	119	True				
ANR	988	AssignmentExpression	cbu = ( ( cbu << 16 ) + 0x8000 ) / cy		395	0		=			
ANR	989	Identifier	cbu		395	0					
ANR	990	MultiplicativeExpression	( ( cbu << 16 ) + 0x8000 ) / cy		395	1		/			
ANR	991	AdditiveExpression	( cbu << 16 ) + 0x8000		395	0		+			
ANR	992	ShiftExpression	cbu << 16		395	0		<<			
ANR	993	Identifier	cbu		395	0					
ANR	994	PrimaryExpression	16		395	1					
ANR	995	PrimaryExpression	0x8000		395	1					
ANR	996	Identifier	cy		395	1					
ANR	997	ExpressionStatement	cgu = ( ( cgu << 16 ) + 0x8000 ) / cy	75:4:3349:3382	395	120	True				
ANR	998	AssignmentExpression	cgu = ( ( cgu << 16 ) + 0x8000 ) / cy		395	0		=			
ANR	999	Identifier	cgu		395	0					
ANR	1000	MultiplicativeExpression	( ( cgu << 16 ) + 0x8000 ) / cy		395	1		/			
ANR	1001	AdditiveExpression	( cgu << 16 ) + 0x8000		395	0		+			
ANR	1002	ShiftExpression	cgu << 16		395	0		<<			
ANR	1003	Identifier	cgu		395	0					
ANR	1004	PrimaryExpression	16		395	1					
ANR	1005	PrimaryExpression	0x8000		395	1					
ANR	1006	Identifier	cy		395	1					
ANR	1007	ExpressionStatement	cgv = ( ( cgv << 16 ) + 0x8000 ) / cy	76:4:3388:3421	395	121	True				
ANR	1008	AssignmentExpression	cgv = ( ( cgv << 16 ) + 0x8000 ) / cy		395	0		=			
ANR	1009	Identifier	cgv		395	0					
ANR	1010	MultiplicativeExpression	( ( cgv << 16 ) + 0x8000 ) / cy		395	1		/			
ANR	1011	AdditiveExpression	( cgv << 16 ) + 0x8000		395	0		+			
ANR	1012	ShiftExpression	cgv << 16		395	0		<<			
ANR	1013	Identifier	cgv		395	0					
ANR	1014	PrimaryExpression	16		395	1					
ANR	1015	PrimaryExpression	0x8000		395	1					
ANR	1016	Identifier	cy		395	1					
ANR	1017	ExpressionStatement	av_free ( c -> yuvTable )	78:4:3428:3448	395	122	True				
ANR	1018	CallExpression	av_free ( c -> yuvTable )		395	0					
ANR	1019	Callee	av_free		395	0					
ANR	1020	Identifier	av_free		395	0					
ANR	1021	ArgumentList	c -> yuvTable		395	1					
ANR	1022	Argument	c -> yuvTable		395	0					
ANR	1023	PtrMemberAccess	c -> yuvTable		395	0					
ANR	1024	Identifier	c		395	0					
ANR	1025	Identifier	yuvTable		395	1					
ANR	1026	SwitchStatement	switch ( bpp )		395	123					
ANR	1027	Condition	bpp	80:12:3463:3465	395	0	True				
ANR	1028	Identifier	bpp		395	0					
ANR	1029	CompoundStatement		77:17:3256:3256	395	1					
ANR	1030	Label	case 1 :	81:4:3474:3480	395	0	True				
ANR	1031	ExpressionStatement	c -> yuvTable = av_malloc ( 1024 )	82:8:3490:3519	395	1	True				
ANR	1032	AssignmentExpression	c -> yuvTable = av_malloc ( 1024 )		395	0		=			
ANR	1033	PtrMemberAccess	c -> yuvTable		395	0					
ANR	1034	Identifier	c		395	0					
ANR	1035	Identifier	yuvTable		395	1					
ANR	1036	CallExpression	av_malloc ( 1024 )		395	1					
ANR	1037	Callee	av_malloc		395	0					
ANR	1038	Identifier	av_malloc		395	0					
ANR	1039	ArgumentList	1024		395	1					
ANR	1040	Argument	1024		395	0					
ANR	1041	PrimaryExpression	1024		395	0					
ANR	1042	ExpressionStatement	y_table = c -> yuvTable	83:8:3529:3554	395	2	True				
ANR	1043	AssignmentExpression	y_table = c -> yuvTable		395	0		=			
ANR	1044	Identifier	y_table		395	0					
ANR	1045	PtrMemberAccess	c -> yuvTable		395	1					
ANR	1046	Identifier	c		395	0					
ANR	1047	Identifier	yuvTable		395	1					
ANR	1048	ExpressionStatement	yb = - ( 384 << 16 ) - oy	84:8:3564:3586	395	3	True				
ANR	1049	AssignmentExpression	yb = - ( 384 << 16 ) - oy		395	0		=			
ANR	1050	Identifier	yb		395	0					
ANR	1051	AdditiveExpression	- ( 384 << 16 ) - oy		395	1		-			
ANR	1052	UnaryOperationExpression	- ( 384 << 16 )		395	0					
ANR	1053	UnaryOperator	-		395	0					
ANR	1054	ShiftExpression	384 << 16		395	1		<<			
ANR	1055	PrimaryExpression	384		395	0					
ANR	1056	PrimaryExpression	16		395	1					
ANR	1057	Identifier	oy		395	1					
ANR	1058	ForStatement	for ( i = 0 ; i < 1024 - 110 ; i ++ )		395	4					
ANR	1059	ForInit	i = 0 ;	85:13:3601:3606	395	0	True				
ANR	1060	AssignmentExpression	i = 0		395	0		=			
ANR	1061	Identifier	i		395	0					
ANR	1062	PrimaryExpression	0		395	1					
ANR	1063	Condition	i < 1024 - 110	85:20:3608:3621	395	1	True				
ANR	1064	RelationalExpression	i < 1024 - 110		395	0		<			
ANR	1065	Identifier	i		395	0					
ANR	1066	AdditiveExpression	1024 - 110		395	1		-			
ANR	1067	PrimaryExpression	1024		395	0					
ANR	1068	PrimaryExpression	110		395	1					
ANR	1069	PostIncDecOperationExpression	i ++	85:36:3624:3626	395	2	True				
ANR	1070	Identifier	i		395	0					
ANR	1071	IncDec	++		395	1					
ANR	1072	CompoundStatement		82:41:3417:3417	395	3					
ANR	1073	ExpressionStatement	y_table [ i + 110 ] = av_clip_uint8 ( ( yb + 0x8000 ) >> 16 ) >> 7	86:12:3643:3702	395	0	True				
ANR	1074	AssignmentExpression	y_table [ i + 110 ] = av_clip_uint8 ( ( yb + 0x8000 ) >> 16 ) >> 7		395	0		=			
ANR	1075	ArrayIndexing	y_table [ i + 110 ]		395	0					
ANR	1076	Identifier	y_table		395	0					
ANR	1077	AdditiveExpression	i + 110		395	1		+			
ANR	1078	Identifier	i		395	0					
ANR	1079	PrimaryExpression	110		395	1					
ANR	1080	ShiftExpression	av_clip_uint8 ( ( yb + 0x8000 ) >> 16 ) >> 7		395	1		>>			
ANR	1081	CallExpression	av_clip_uint8 ( ( yb + 0x8000 ) >> 16 )		395	0					
ANR	1082	Callee	av_clip_uint8		395	0					
ANR	1083	Identifier	av_clip_uint8		395	0					
ANR	1084	ArgumentList	( yb + 0x8000 ) >> 16		395	1					
ANR	1085	Argument	( yb + 0x8000 ) >> 16		395	0					
ANR	1086	ShiftExpression	( yb + 0x8000 ) >> 16		395	0		>>			
ANR	1087	AdditiveExpression	yb + 0x8000		395	0		+			
ANR	1088	Identifier	yb		395	0					
ANR	1089	PrimaryExpression	0x8000		395	1					
ANR	1090	PrimaryExpression	16		395	1					
ANR	1091	PrimaryExpression	7		395	1					
ANR	1092	ExpressionStatement	yb += cy	87:12:3716:3738	395	1	True				
ANR	1093	AssignmentExpression	yb += cy		395	0		+=			
ANR	1094	Identifier	yb		395	0					
ANR	1095	Identifier	cy		395	1					
ANR	1096	ExpressionStatement	"fill_table ( c -> table_gU , 1 , cgu , y_table + yoffs )"	89:8:3758:3806	395	5	True				
ANR	1097	CallExpression	"fill_table ( c -> table_gU , 1 , cgu , y_table + yoffs )"		395	0					
ANR	1098	Callee	fill_table		395	0					
ANR	1099	Identifier	fill_table		395	0					
ANR	1100	ArgumentList	c -> table_gU		395	1					
ANR	1101	Argument	c -> table_gU		395	0					
ANR	1102	PtrMemberAccess	c -> table_gU		395	0					
ANR	1103	Identifier	c		395	0					
ANR	1104	Identifier	table_gU		395	1					
ANR	1105	Argument	1		395	1					
ANR	1106	PrimaryExpression	1		395	0					
ANR	1107	Argument	cgu		395	2					
ANR	1108	Identifier	cgu		395	0					
ANR	1109	Argument	y_table + yoffs		395	3					
ANR	1110	AdditiveExpression	y_table + yoffs		395	0		+			
ANR	1111	Identifier	y_table		395	0					
ANR	1112	Identifier	yoffs		395	1					
ANR	1113	ExpressionStatement	"fill_gv_table ( c -> table_gV , 1 , cgv )"	90:8:3816:3850	395	6	True				
ANR	1114	CallExpression	"fill_gv_table ( c -> table_gV , 1 , cgv )"		395	0					
ANR	1115	Callee	fill_gv_table		395	0					
ANR	1116	Identifier	fill_gv_table		395	0					
ANR	1117	ArgumentList	c -> table_gV		395	1					
ANR	1118	Argument	c -> table_gV		395	0					
ANR	1119	PtrMemberAccess	c -> table_gV		395	0					
ANR	1120	Identifier	c		395	0					
ANR	1121	Identifier	table_gV		395	1					
ANR	1122	Argument	1		395	1					
ANR	1123	PrimaryExpression	1		395	0					
ANR	1124	Argument	cgv		395	2					
ANR	1125	Identifier	cgv		395	0					
ANR	1126	BreakStatement	break ;	91:8:3860:3865	395	7	True				
ANR	1127	Label	case 4 :	92:4:3871:3877	395	8	True				
ANR	1128	Statement	case	93:4:3883:3886	395	9	True				
ANR	1129	Statement	4	93:9:3888:3888	395	10	True				
ANR	1130	Statement	|	93:11:3890:3890	395	11	True				
ANR	1131	Label	128 :	93:13:3892:3895	395	12	True				
ANR	1132	ExpressionStatement	rbase = isRgb ? 3 : 0	94:8:3905:3932	395	13	True				
ANR	1133	AssignmentExpression	rbase = isRgb ? 3 : 0		395	0		=			
ANR	1134	Identifier	rbase		395	0					
ANR	1135	ConditionalExpression	isRgb ? 3 : 0		395	1					
ANR	1136	Condition	isRgb		395	0					
ANR	1137	Identifier	isRgb		395	0					
ANR	1138	PrimaryExpression	3		395	1					
ANR	1139	PrimaryExpression	0		395	2					
ANR	1140	ExpressionStatement	gbase = 1	95:8:3942:3957	395	14	True				
ANR	1141	AssignmentExpression	gbase = 1		395	0		=			
ANR	1142	Identifier	gbase		395	0					
ANR	1143	PrimaryExpression	1		395	1					
ANR	1144	ExpressionStatement	bbase = isRgb ? 0 : 3	96:8:3967:3994	395	15	True				
ANR	1145	AssignmentExpression	bbase = isRgb ? 0 : 3		395	0		=			
ANR	1146	Identifier	bbase		395	0					
ANR	1147	ConditionalExpression	isRgb ? 0 : 3		395	1					
ANR	1148	Condition	isRgb		395	0					
ANR	1149	Identifier	isRgb		395	0					
ANR	1150	PrimaryExpression	0		395	1					
ANR	1151	PrimaryExpression	3		395	2					
ANR	1152	ExpressionStatement	c -> yuvTable = av_malloc ( 1024 * 3 )	97:8:4004:4037	395	16	True				
ANR	1153	AssignmentExpression	c -> yuvTable = av_malloc ( 1024 * 3 )		395	0		=			
ANR	1154	PtrMemberAccess	c -> yuvTable		395	0					
ANR	1155	Identifier	c		395	0					
ANR	1156	Identifier	yuvTable		395	1					
ANR	1157	CallExpression	av_malloc ( 1024 * 3 )		395	1					
ANR	1158	Callee	av_malloc		395	0					
ANR	1159	Identifier	av_malloc		395	0					
ANR	1160	ArgumentList	1024 * 3		395	1					
ANR	1161	Argument	1024 * 3		395	0					
ANR	1162	MultiplicativeExpression	1024 * 3		395	0		*			
ANR	1163	PrimaryExpression	1024		395	0					
ANR	1164	PrimaryExpression	3		395	1					
ANR	1165	ExpressionStatement	y_table = c -> yuvTable	98:8:4047:4072	395	17	True				
ANR	1166	AssignmentExpression	y_table = c -> yuvTable		395	0		=			
ANR	1167	Identifier	y_table		395	0					
ANR	1168	PtrMemberAccess	c -> yuvTable		395	1					
ANR	1169	Identifier	c		395	0					
ANR	1170	Identifier	yuvTable		395	1					
ANR	1171	ExpressionStatement	yb = - ( 384 << 16 ) - oy	99:8:4082:4104	395	18	True				
ANR	1172	AssignmentExpression	yb = - ( 384 << 16 ) - oy		395	0		=			
ANR	1173	Identifier	yb		395	0					
ANR	1174	AdditiveExpression	- ( 384 << 16 ) - oy		395	1		-			
ANR	1175	UnaryOperationExpression	- ( 384 << 16 )		395	0					
ANR	1176	UnaryOperator	-		395	0					
ANR	1177	ShiftExpression	384 << 16		395	1		<<			
ANR	1178	PrimaryExpression	384		395	0					
ANR	1179	PrimaryExpression	16		395	1					
ANR	1180	Identifier	oy		395	1					
ANR	1181	ForStatement	for ( i = 0 ; i < 1024 - 110 ; i ++ )		395	19					
ANR	1182	ForInit	i = 0 ;	100:13:4119:4124	395	0	True				
ANR	1183	AssignmentExpression	i = 0		395	0		=			
ANR	1184	Identifier	i		395	0					
ANR	1185	PrimaryExpression	0		395	1					
ANR	1186	Condition	i < 1024 - 110	100:20:4126:4139	395	1	True				
ANR	1187	RelationalExpression	i < 1024 - 110		395	0		<			
ANR	1188	Identifier	i		395	0					
ANR	1189	AdditiveExpression	1024 - 110		395	1		-			
ANR	1190	PrimaryExpression	1024		395	0					
ANR	1191	PrimaryExpression	110		395	1					
ANR	1192	PostIncDecOperationExpression	i ++	100:36:4142:4144	395	2	True				
ANR	1193	Identifier	i		395	0					
ANR	1194	IncDec	++		395	1					
ANR	1195	CompoundStatement		98:12:3949:4009	395	3					
ANR	1196	IdentifierDeclStatement	int yval = av_clip_uint8 ( ( yb + 0x8000 ) >> 16 ) ;	101:12:4161:4221	395	0	True				
ANR	1197	IdentifierDecl	yval = av_clip_uint8 ( ( yb + 0x8000 ) >> 16 )		395	0					
ANR	1198	IdentifierDeclType	int		395	0					
ANR	1199	Identifier	yval		395	1					
ANR	1200	AssignmentExpression	yval = av_clip_uint8 ( ( yb + 0x8000 ) >> 16 )		395	2		=			
ANR	1201	Identifier	yval		395	0					
ANR	1202	CallExpression	av_clip_uint8 ( ( yb + 0x8000 ) >> 16 )		395	1					
ANR	1203	Callee	av_clip_uint8		395	0					
ANR	1204	Identifier	av_clip_uint8		395	0					
ANR	1205	ArgumentList	( yb + 0x8000 ) >> 16		395	1					
ANR	1206	Argument	( yb + 0x8000 ) >> 16		395	0					
ANR	1207	ShiftExpression	( yb + 0x8000 ) >> 16		395	0		>>			
ANR	1208	AdditiveExpression	yb + 0x8000		395	0		+			
ANR	1209	Identifier	yb		395	0					
ANR	1210	PrimaryExpression	0x8000		395	1					
ANR	1211	PrimaryExpression	16		395	1					
ANR	1212	ExpressionStatement	y_table [ i + 110 ] = ( yval >> 7 ) << rbase	102:12:4235:4288	395	1	True				
ANR	1213	AssignmentExpression	y_table [ i + 110 ] = ( yval >> 7 ) << rbase		395	0		=			
ANR	1214	ArrayIndexing	y_table [ i + 110 ]		395	0					
ANR	1215	Identifier	y_table		395	0					
ANR	1216	AdditiveExpression	i + 110		395	1		+			
ANR	1217	Identifier	i		395	0					
ANR	1218	PrimaryExpression	110		395	1					
ANR	1219	ShiftExpression	( yval >> 7 ) << rbase		395	1		<<			
ANR	1220	ShiftExpression	yval >> 7		395	0		>>			
ANR	1221	Identifier	yval		395	0					
ANR	1222	PrimaryExpression	7		395	1					
ANR	1223	Identifier	rbase		395	1					
ANR	1224	ExpressionStatement	y_table [ i + 37 + 1024 ] = ( ( yval + 43 ) / 85 ) << gbase	103:12:4302:4355	395	2	True				
ANR	1225	AssignmentExpression	y_table [ i + 37 + 1024 ] = ( ( yval + 43 ) / 85 ) << gbase		395	0		=			
ANR	1226	ArrayIndexing	y_table [ i + 37 + 1024 ]		395	0					
ANR	1227	Identifier	y_table		395	0					
ANR	1228	AdditiveExpression	i + 37 + 1024		395	1		+			
ANR	1229	Identifier	i		395	0					
ANR	1230	AdditiveExpression	37 + 1024		395	1		+			
ANR	1231	PrimaryExpression	37		395	0					
ANR	1232	PrimaryExpression	1024		395	1					
ANR	1233	ShiftExpression	( ( yval + 43 ) / 85 ) << gbase		395	1		<<			
ANR	1234	MultiplicativeExpression	( yval + 43 ) / 85		395	0		/			
ANR	1235	AdditiveExpression	yval + 43		395	0		+			
ANR	1236	Identifier	yval		395	0					
ANR	1237	PrimaryExpression	43		395	1					
ANR	1238	PrimaryExpression	85		395	1					
ANR	1239	Identifier	gbase		395	1					
ANR	1240	ExpressionStatement	y_table [ i + 110 + 2048 ] = ( yval >> 7 ) << bbase	104:12:4369:4422	395	3	True				
ANR	1241	AssignmentExpression	y_table [ i + 110 + 2048 ] = ( yval >> 7 ) << bbase		395	0		=			
ANR	1242	ArrayIndexing	y_table [ i + 110 + 2048 ]		395	0					
ANR	1243	Identifier	y_table		395	0					
ANR	1244	AdditiveExpression	i + 110 + 2048		395	1		+			
ANR	1245	Identifier	i		395	0					
ANR	1246	AdditiveExpression	110 + 2048		395	1		+			
ANR	1247	PrimaryExpression	110		395	0					
ANR	1248	PrimaryExpression	2048		395	1					
ANR	1249	ShiftExpression	( yval >> 7 ) << bbase		395	1		<<			
ANR	1250	ShiftExpression	yval >> 7		395	0		>>			
ANR	1251	Identifier	yval		395	0					
ANR	1252	PrimaryExpression	7		395	1					
ANR	1253	Identifier	bbase		395	1					
ANR	1254	ExpressionStatement	yb += cy	105:12:4436:4444	395	4	True				
ANR	1255	AssignmentExpression	yb += cy		395	0		+=			
ANR	1256	Identifier	yb		395	0					
ANR	1257	Identifier	cy		395	1					
ANR	1258	ExpressionStatement	"fill_table ( c -> table_rV , 1 , crv , y_table + yoffs )"	107:8:4464:4512	395	20	True				
ANR	1259	CallExpression	"fill_table ( c -> table_rV , 1 , crv , y_table + yoffs )"		395	0					
ANR	1260	Callee	fill_table		395	0					
ANR	1261	Identifier	fill_table		395	0					
ANR	1262	ArgumentList	c -> table_rV		395	1					
ANR	1263	Argument	c -> table_rV		395	0					
ANR	1264	PtrMemberAccess	c -> table_rV		395	0					
ANR	1265	Identifier	c		395	0					
ANR	1266	Identifier	table_rV		395	1					
ANR	1267	Argument	1		395	1					
ANR	1268	PrimaryExpression	1		395	0					
ANR	1269	Argument	crv		395	2					
ANR	1270	Identifier	crv		395	0					
ANR	1271	Argument	y_table + yoffs		395	3					
ANR	1272	AdditiveExpression	y_table + yoffs		395	0		+			
ANR	1273	Identifier	y_table		395	0					
ANR	1274	Identifier	yoffs		395	1					
ANR	1275	ExpressionStatement	"fill_table ( c -> table_gU , 1 , cgu , y_table + yoffs + 1024 )"	108:8:4522:4577	395	21	True				
ANR	1276	CallExpression	"fill_table ( c -> table_gU , 1 , cgu , y_table + yoffs + 1024 )"		395	0					
ANR	1277	Callee	fill_table		395	0					
ANR	1278	Identifier	fill_table		395	0					
ANR	1279	ArgumentList	c -> table_gU		395	1					
ANR	1280	Argument	c -> table_gU		395	0					
ANR	1281	PtrMemberAccess	c -> table_gU		395	0					
ANR	1282	Identifier	c		395	0					
ANR	1283	Identifier	table_gU		395	1					
ANR	1284	Argument	1		395	1					
ANR	1285	PrimaryExpression	1		395	0					
ANR	1286	Argument	cgu		395	2					
ANR	1287	Identifier	cgu		395	0					
ANR	1288	Argument	y_table + yoffs + 1024		395	3					
ANR	1289	AdditiveExpression	y_table + yoffs + 1024		395	0		+			
ANR	1290	Identifier	y_table		395	0					
ANR	1291	AdditiveExpression	yoffs + 1024		395	1		+			
ANR	1292	Identifier	yoffs		395	0					
ANR	1293	PrimaryExpression	1024		395	1					
ANR	1294	ExpressionStatement	"fill_table ( c -> table_bU , 1 , cbu , y_table + yoffs + 2048 )"	109:8:4587:4642	395	22	True				
ANR	1295	CallExpression	"fill_table ( c -> table_bU , 1 , cbu , y_table + yoffs + 2048 )"		395	0					
ANR	1296	Callee	fill_table		395	0					
ANR	1297	Identifier	fill_table		395	0					
ANR	1298	ArgumentList	c -> table_bU		395	1					
ANR	1299	Argument	c -> table_bU		395	0					
ANR	1300	PtrMemberAccess	c -> table_bU		395	0					
ANR	1301	Identifier	c		395	0					
ANR	1302	Identifier	table_bU		395	1					
ANR	1303	Argument	1		395	1					
ANR	1304	PrimaryExpression	1		395	0					
ANR	1305	Argument	cbu		395	2					
ANR	1306	Identifier	cbu		395	0					
ANR	1307	Argument	y_table + yoffs + 2048		395	3					
ANR	1308	AdditiveExpression	y_table + yoffs + 2048		395	0		+			
ANR	1309	Identifier	y_table		395	0					
ANR	1310	AdditiveExpression	yoffs + 2048		395	1		+			
ANR	1311	Identifier	yoffs		395	0					
ANR	1312	PrimaryExpression	2048		395	1					
ANR	1313	ExpressionStatement	"fill_gv_table ( c -> table_gV , 1 , cgv )"	110:8:4652:4686	395	23	True				
ANR	1314	CallExpression	"fill_gv_table ( c -> table_gV , 1 , cgv )"		395	0					
ANR	1315	Callee	fill_gv_table		395	0					
ANR	1316	Identifier	fill_gv_table		395	0					
ANR	1317	ArgumentList	c -> table_gV		395	1					
ANR	1318	Argument	c -> table_gV		395	0					
ANR	1319	PtrMemberAccess	c -> table_gV		395	0					
ANR	1320	Identifier	c		395	0					
ANR	1321	Identifier	table_gV		395	1					
ANR	1322	Argument	1		395	1					
ANR	1323	PrimaryExpression	1		395	0					
ANR	1324	Argument	cgv		395	2					
ANR	1325	Identifier	cgv		395	0					
ANR	1326	BreakStatement	break ;	111:8:4696:4701	395	24	True				
ANR	1327	Label	case 8 :	112:4:4707:4713	395	25	True				
ANR	1328	ExpressionStatement	rbase = isRgb ? 5 : 0	113:8:4723:4750	395	26	True				
ANR	1329	AssignmentExpression	rbase = isRgb ? 5 : 0		395	0		=			
ANR	1330	Identifier	rbase		395	0					
ANR	1331	ConditionalExpression	isRgb ? 5 : 0		395	1					
ANR	1332	Condition	isRgb		395	0					
ANR	1333	Identifier	isRgb		395	0					
ANR	1334	PrimaryExpression	5		395	1					
ANR	1335	PrimaryExpression	0		395	2					
ANR	1336	ExpressionStatement	gbase = isRgb ? 2 : 3	114:8:4760:4787	395	27	True				
ANR	1337	AssignmentExpression	gbase = isRgb ? 2 : 3		395	0		=			
ANR	1338	Identifier	gbase		395	0					
ANR	1339	ConditionalExpression	isRgb ? 2 : 3		395	1					
ANR	1340	Condition	isRgb		395	0					
ANR	1341	Identifier	isRgb		395	0					
ANR	1342	PrimaryExpression	2		395	1					
ANR	1343	PrimaryExpression	3		395	2					
ANR	1344	ExpressionStatement	bbase = isRgb ? 0 : 6	115:8:4797:4824	395	28	True				
ANR	1345	AssignmentExpression	bbase = isRgb ? 0 : 6		395	0		=			
ANR	1346	Identifier	bbase		395	0					
ANR	1347	ConditionalExpression	isRgb ? 0 : 6		395	1					
ANR	1348	Condition	isRgb		395	0					
ANR	1349	Identifier	isRgb		395	0					
ANR	1350	PrimaryExpression	0		395	1					
ANR	1351	PrimaryExpression	6		395	2					
ANR	1352	ExpressionStatement	c -> yuvTable = av_malloc ( 1024 * 3 )	116:8:4834:4867	395	29	True				
ANR	1353	AssignmentExpression	c -> yuvTable = av_malloc ( 1024 * 3 )		395	0		=			
ANR	1354	PtrMemberAccess	c -> yuvTable		395	0					
ANR	1355	Identifier	c		395	0					
ANR	1356	Identifier	yuvTable		395	1					
ANR	1357	CallExpression	av_malloc ( 1024 * 3 )		395	1					
ANR	1358	Callee	av_malloc		395	0					
ANR	1359	Identifier	av_malloc		395	0					
ANR	1360	ArgumentList	1024 * 3		395	1					
ANR	1361	Argument	1024 * 3		395	0					
ANR	1362	MultiplicativeExpression	1024 * 3		395	0		*			
ANR	1363	PrimaryExpression	1024		395	0					
ANR	1364	PrimaryExpression	3		395	1					
ANR	1365	ExpressionStatement	y_table = c -> yuvTable	117:8:4877:4902	395	30	True				
ANR	1366	AssignmentExpression	y_table = c -> yuvTable		395	0		=			
ANR	1367	Identifier	y_table		395	0					
ANR	1368	PtrMemberAccess	c -> yuvTable		395	1					
ANR	1369	Identifier	c		395	0					
ANR	1370	Identifier	yuvTable		395	1					
ANR	1371	ExpressionStatement	yb = - ( 384 << 16 ) - oy	118:8:4912:4934	395	31	True				
ANR	1372	AssignmentExpression	yb = - ( 384 << 16 ) - oy		395	0		=			
ANR	1373	Identifier	yb		395	0					
ANR	1374	AdditiveExpression	- ( 384 << 16 ) - oy		395	1		-			
ANR	1375	UnaryOperationExpression	- ( 384 << 16 )		395	0					
ANR	1376	UnaryOperator	-		395	0					
ANR	1377	ShiftExpression	384 << 16		395	1		<<			
ANR	1378	PrimaryExpression	384		395	0					
ANR	1379	PrimaryExpression	16		395	1					
ANR	1380	Identifier	oy		395	1					
ANR	1381	ForStatement	for ( i = 0 ; i < 1024 - 38 ; i ++ )		395	32					
ANR	1382	ForInit	i = 0 ;	119:13:4949:4954	395	0	True				
ANR	1383	AssignmentExpression	i = 0		395	0		=			
ANR	1384	Identifier	i		395	0					
ANR	1385	PrimaryExpression	0		395	1					
ANR	1386	Condition	i < 1024 - 38	119:20:4956:4968	395	1	True				
ANR	1387	RelationalExpression	i < 1024 - 38		395	0		<			
ANR	1388	Identifier	i		395	0					
ANR	1389	AdditiveExpression	1024 - 38		395	1		-			
ANR	1390	PrimaryExpression	1024		395	0					
ANR	1391	PrimaryExpression	38		395	1					
ANR	1392	PostIncDecOperationExpression	i ++	119:35:4971:4973	395	2	True				
ANR	1393	Identifier	i		395	0					
ANR	1394	IncDec	++		395	1					
ANR	1395	CompoundStatement		117:12:4778:4837	395	3					
ANR	1396	IdentifierDeclStatement	int yval = av_clip_uint8 ( ( yb + 0x8000 ) >> 16 ) ;	120:12:4990:5049	395	0	True				
ANR	1397	IdentifierDecl	yval = av_clip_uint8 ( ( yb + 0x8000 ) >> 16 )		395	0					
ANR	1398	IdentifierDeclType	int		395	0					
ANR	1399	Identifier	yval		395	1					
ANR	1400	AssignmentExpression	yval = av_clip_uint8 ( ( yb + 0x8000 ) >> 16 )		395	2		=			
ANR	1401	Identifier	yval		395	0					
ANR	1402	CallExpression	av_clip_uint8 ( ( yb + 0x8000 ) >> 16 )		395	1					
ANR	1403	Callee	av_clip_uint8		395	0					
ANR	1404	Identifier	av_clip_uint8		395	0					
ANR	1405	ArgumentList	( yb + 0x8000 ) >> 16		395	1					
ANR	1406	Argument	( yb + 0x8000 ) >> 16		395	0					
ANR	1407	ShiftExpression	( yb + 0x8000 ) >> 16		395	0		>>			
ANR	1408	AdditiveExpression	yb + 0x8000		395	0		+			
ANR	1409	Identifier	yb		395	0					
ANR	1410	PrimaryExpression	0x8000		395	1					
ANR	1411	PrimaryExpression	16		395	1					
ANR	1412	ExpressionStatement	y_table [ i + 16 ] = ( ( yval + 18 ) / 36 ) << rbase	121:12:5063:5115	395	1	True				
ANR	1413	AssignmentExpression	y_table [ i + 16 ] = ( ( yval + 18 ) / 36 ) << rbase		395	0		=			
ANR	1414	ArrayIndexing	y_table [ i + 16 ]		395	0					
ANR	1415	Identifier	y_table		395	0					
ANR	1416	AdditiveExpression	i + 16		395	1		+			
ANR	1417	Identifier	i		395	0					
ANR	1418	PrimaryExpression	16		395	1					
ANR	1419	ShiftExpression	( ( yval + 18 ) / 36 ) << rbase		395	1		<<			
ANR	1420	MultiplicativeExpression	( yval + 18 ) / 36		395	0		/			
ANR	1421	AdditiveExpression	yval + 18		395	0		+			
ANR	1422	Identifier	yval		395	0					
ANR	1423	PrimaryExpression	18		395	1					
ANR	1424	PrimaryExpression	36		395	1					
ANR	1425	Identifier	rbase		395	1					
ANR	1426	ExpressionStatement	y_table [ i + 16 + 1024 ] = ( ( yval + 18 ) / 36 ) << gbase	122:12:5129:5181	395	2	True				
ANR	1427	AssignmentExpression	y_table [ i + 16 + 1024 ] = ( ( yval + 18 ) / 36 ) << gbase		395	0		=			
ANR	1428	ArrayIndexing	y_table [ i + 16 + 1024 ]		395	0					
ANR	1429	Identifier	y_table		395	0					
ANR	1430	AdditiveExpression	i + 16 + 1024		395	1		+			
ANR	1431	Identifier	i		395	0					
ANR	1432	AdditiveExpression	16 + 1024		395	1		+			
ANR	1433	PrimaryExpression	16		395	0					
ANR	1434	PrimaryExpression	1024		395	1					
ANR	1435	ShiftExpression	( ( yval + 18 ) / 36 ) << gbase		395	1		<<			
ANR	1436	MultiplicativeExpression	( yval + 18 ) / 36		395	0		/			
ANR	1437	AdditiveExpression	yval + 18		395	0		+			
ANR	1438	Identifier	yval		395	0					
ANR	1439	PrimaryExpression	18		395	1					
ANR	1440	PrimaryExpression	36		395	1					
ANR	1441	Identifier	gbase		395	1					
ANR	1442	ExpressionStatement	y_table [ i + 37 + 2048 ] = ( ( yval + 43 ) / 85 ) << bbase	123:12:5195:5247	395	3	True				
ANR	1443	AssignmentExpression	y_table [ i + 37 + 2048 ] = ( ( yval + 43 ) / 85 ) << bbase		395	0		=			
ANR	1444	ArrayIndexing	y_table [ i + 37 + 2048 ]		395	0					
ANR	1445	Identifier	y_table		395	0					
ANR	1446	AdditiveExpression	i + 37 + 2048		395	1		+			
ANR	1447	Identifier	i		395	0					
ANR	1448	AdditiveExpression	37 + 2048		395	1		+			
ANR	1449	PrimaryExpression	37		395	0					
ANR	1450	PrimaryExpression	2048		395	1					
ANR	1451	ShiftExpression	( ( yval + 43 ) / 85 ) << bbase		395	1		<<			
ANR	1452	MultiplicativeExpression	( yval + 43 ) / 85		395	0		/			
ANR	1453	AdditiveExpression	yval + 43		395	0		+			
ANR	1454	Identifier	yval		395	0					
ANR	1455	PrimaryExpression	43		395	1					
ANR	1456	PrimaryExpression	85		395	1					
ANR	1457	Identifier	bbase		395	1					
ANR	1458	ExpressionStatement	yb += cy	124:12:5261:5269	395	4	True				
ANR	1459	AssignmentExpression	yb += cy		395	0		+=			
ANR	1460	Identifier	yb		395	0					
ANR	1461	Identifier	cy		395	1					
ANR	1462	ExpressionStatement	"fill_table ( c -> table_rV , 1 , crv , y_table + yoffs )"	126:8:5289:5337	395	33	True				
ANR	1463	CallExpression	"fill_table ( c -> table_rV , 1 , crv , y_table + yoffs )"		395	0					
ANR	1464	Callee	fill_table		395	0					
ANR	1465	Identifier	fill_table		395	0					
ANR	1466	ArgumentList	c -> table_rV		395	1					
ANR	1467	Argument	c -> table_rV		395	0					
ANR	1468	PtrMemberAccess	c -> table_rV		395	0					
ANR	1469	Identifier	c		395	0					
ANR	1470	Identifier	table_rV		395	1					
ANR	1471	Argument	1		395	1					
ANR	1472	PrimaryExpression	1		395	0					
ANR	1473	Argument	crv		395	2					
ANR	1474	Identifier	crv		395	0					
ANR	1475	Argument	y_table + yoffs		395	3					
ANR	1476	AdditiveExpression	y_table + yoffs		395	0		+			
ANR	1477	Identifier	y_table		395	0					
ANR	1478	Identifier	yoffs		395	1					
ANR	1479	ExpressionStatement	"fill_table ( c -> table_gU , 1 , cgu , y_table + yoffs + 1024 )"	127:8:5347:5402	395	34	True				
ANR	1480	CallExpression	"fill_table ( c -> table_gU , 1 , cgu , y_table + yoffs + 1024 )"		395	0					
ANR	1481	Callee	fill_table		395	0					
ANR	1482	Identifier	fill_table		395	0					
ANR	1483	ArgumentList	c -> table_gU		395	1					
ANR	1484	Argument	c -> table_gU		395	0					
ANR	1485	PtrMemberAccess	c -> table_gU		395	0					
ANR	1486	Identifier	c		395	0					
ANR	1487	Identifier	table_gU		395	1					
ANR	1488	Argument	1		395	1					
ANR	1489	PrimaryExpression	1		395	0					
ANR	1490	Argument	cgu		395	2					
ANR	1491	Identifier	cgu		395	0					
ANR	1492	Argument	y_table + yoffs + 1024		395	3					
ANR	1493	AdditiveExpression	y_table + yoffs + 1024		395	0		+			
ANR	1494	Identifier	y_table		395	0					
ANR	1495	AdditiveExpression	yoffs + 1024		395	1		+			
ANR	1496	Identifier	yoffs		395	0					
ANR	1497	PrimaryExpression	1024		395	1					
ANR	1498	ExpressionStatement	"fill_table ( c -> table_bU , 1 , cbu , y_table + yoffs + 2048 )"	128:8:5412:5467	395	35	True				
ANR	1499	CallExpression	"fill_table ( c -> table_bU , 1 , cbu , y_table + yoffs + 2048 )"		395	0					
ANR	1500	Callee	fill_table		395	0					
ANR	1501	Identifier	fill_table		395	0					
ANR	1502	ArgumentList	c -> table_bU		395	1					
ANR	1503	Argument	c -> table_bU		395	0					
ANR	1504	PtrMemberAccess	c -> table_bU		395	0					
ANR	1505	Identifier	c		395	0					
ANR	1506	Identifier	table_bU		395	1					
ANR	1507	Argument	1		395	1					
ANR	1508	PrimaryExpression	1		395	0					
ANR	1509	Argument	cbu		395	2					
ANR	1510	Identifier	cbu		395	0					
ANR	1511	Argument	y_table + yoffs + 2048		395	3					
ANR	1512	AdditiveExpression	y_table + yoffs + 2048		395	0		+			
ANR	1513	Identifier	y_table		395	0					
ANR	1514	AdditiveExpression	yoffs + 2048		395	1		+			
ANR	1515	Identifier	yoffs		395	0					
ANR	1516	PrimaryExpression	2048		395	1					
ANR	1517	ExpressionStatement	"fill_gv_table ( c -> table_gV , 1 , cgv )"	129:8:5477:5511	395	36	True				
ANR	1518	CallExpression	"fill_gv_table ( c -> table_gV , 1 , cgv )"		395	0					
ANR	1519	Callee	fill_gv_table		395	0					
ANR	1520	Identifier	fill_gv_table		395	0					
ANR	1521	ArgumentList	c -> table_gV		395	1					
ANR	1522	Argument	c -> table_gV		395	0					
ANR	1523	PtrMemberAccess	c -> table_gV		395	0					
ANR	1524	Identifier	c		395	0					
ANR	1525	Identifier	table_gV		395	1					
ANR	1526	Argument	1		395	1					
ANR	1527	PrimaryExpression	1		395	0					
ANR	1528	Argument	cgv		395	2					
ANR	1529	Identifier	cgv		395	0					
ANR	1530	BreakStatement	break ;	130:8:5521:5526	395	37	True				
ANR	1531	Label	case 12 :	131:4:5532:5539	395	38	True				
ANR	1532	ExpressionStatement	rbase = isRgb ? 8 : 0	132:8:5549:5576	395	39	True				
ANR	1533	AssignmentExpression	rbase = isRgb ? 8 : 0		395	0		=			
ANR	1534	Identifier	rbase		395	0					
ANR	1535	ConditionalExpression	isRgb ? 8 : 0		395	1					
ANR	1536	Condition	isRgb		395	0					
ANR	1537	Identifier	isRgb		395	0					
ANR	1538	PrimaryExpression	8		395	1					
ANR	1539	PrimaryExpression	0		395	2					
ANR	1540	ExpressionStatement	gbase = 4	133:8:5586:5601	395	40	True				
ANR	1541	AssignmentExpression	gbase = 4		395	0		=			
ANR	1542	Identifier	gbase		395	0					
ANR	1543	PrimaryExpression	4		395	1					
ANR	1544	ExpressionStatement	bbase = isRgb ? 0 : 8	134:8:5611:5638	395	41	True				
ANR	1545	AssignmentExpression	bbase = isRgb ? 0 : 8		395	0		=			
ANR	1546	Identifier	bbase		395	0					
ANR	1547	ConditionalExpression	isRgb ? 0 : 8		395	1					
ANR	1548	Condition	isRgb		395	0					
ANR	1549	Identifier	isRgb		395	0					
ANR	1550	PrimaryExpression	0		395	1					
ANR	1551	PrimaryExpression	8		395	2					
ANR	1552	ExpressionStatement	c -> yuvTable = av_malloc ( 1024 * 3 * 2 )	135:8:5648:5685	395	42	True				
ANR	1553	AssignmentExpression	c -> yuvTable = av_malloc ( 1024 * 3 * 2 )		395	0		=			
ANR	1554	PtrMemberAccess	c -> yuvTable		395	0					
ANR	1555	Identifier	c		395	0					
ANR	1556	Identifier	yuvTable		395	1					
ANR	1557	CallExpression	av_malloc ( 1024 * 3 * 2 )		395	1					
ANR	1558	Callee	av_malloc		395	0					
ANR	1559	Identifier	av_malloc		395	0					
ANR	1560	ArgumentList	1024 * 3 * 2		395	1					
ANR	1561	Argument	1024 * 3 * 2		395	0					
ANR	1562	MultiplicativeExpression	1024 * 3 * 2		395	0		*			
ANR	1563	PrimaryExpression	1024		395	0					
ANR	1564	MultiplicativeExpression	3 * 2		395	1		*			
ANR	1565	PrimaryExpression	3		395	0					
ANR	1566	PrimaryExpression	2		395	1					
ANR	1567	ExpressionStatement	y_table16 = c -> yuvTable	136:8:5695:5720	395	43	True				
ANR	1568	AssignmentExpression	y_table16 = c -> yuvTable		395	0		=			
ANR	1569	Identifier	y_table16		395	0					
ANR	1570	PtrMemberAccess	c -> yuvTable		395	1					
ANR	1571	Identifier	c		395	0					
ANR	1572	Identifier	yuvTable		395	1					
ANR	1573	ExpressionStatement	yb = - ( 384 << 16 ) - oy	137:8:5730:5752	395	44	True				
ANR	1574	AssignmentExpression	yb = - ( 384 << 16 ) - oy		395	0		=			
ANR	1575	Identifier	yb		395	0					
ANR	1576	AdditiveExpression	- ( 384 << 16 ) - oy		395	1		-			
ANR	1577	UnaryOperationExpression	- ( 384 << 16 )		395	0					
ANR	1578	UnaryOperator	-		395	0					
ANR	1579	ShiftExpression	384 << 16		395	1		<<			
ANR	1580	PrimaryExpression	384		395	0					
ANR	1581	PrimaryExpression	16		395	1					
ANR	1582	Identifier	oy		395	1					
ANR	1583	ForStatement	for ( i = 0 ; i < 1024 ; i ++ )		395	45					
ANR	1584	ForInit	i = 0 ;	138:13:5767:5772	395	0	True				
ANR	1585	AssignmentExpression	i = 0		395	0		=			
ANR	1586	Identifier	i		395	0					
ANR	1587	PrimaryExpression	0		395	1					
ANR	1588	Condition	i < 1024	138:20:5774:5781	395	1	True				
ANR	1589	RelationalExpression	i < 1024		395	0		<			
ANR	1590	Identifier	i		395	0					
ANR	1591	PrimaryExpression	1024		395	1					
ANR	1592	PostIncDecOperationExpression	i ++	138:30:5784:5786	395	2	True				
ANR	1593	Identifier	i		395	0					
ANR	1594	IncDec	++		395	1					
ANR	1595	CompoundStatement		136:12:5591:5647	395	3					
ANR	1596	IdentifierDeclStatement	uint8_t yval = av_clip_uint8 ( ( yb + 0x8000 ) >> 16 ) ;	139:12:5803:5859	395	0	True				
ANR	1597	IdentifierDecl	yval = av_clip_uint8 ( ( yb + 0x8000 ) >> 16 )		395	0					
ANR	1598	IdentifierDeclType	uint8_t		395	0					
ANR	1599	Identifier	yval		395	1					
ANR	1600	AssignmentExpression	yval = av_clip_uint8 ( ( yb + 0x8000 ) >> 16 )		395	2		=			
ANR	1601	Identifier	yval		395	0					
ANR	1602	CallExpression	av_clip_uint8 ( ( yb + 0x8000 ) >> 16 )		395	1					
ANR	1603	Callee	av_clip_uint8		395	0					
ANR	1604	Identifier	av_clip_uint8		395	0					
ANR	1605	ArgumentList	( yb + 0x8000 ) >> 16		395	1					
ANR	1606	Argument	( yb + 0x8000 ) >> 16		395	0					
ANR	1607	ShiftExpression	( yb + 0x8000 ) >> 16		395	0		>>			
ANR	1608	AdditiveExpression	yb + 0x8000		395	0		+			
ANR	1609	Identifier	yb		395	0					
ANR	1610	PrimaryExpression	0x8000		395	1					
ANR	1611	PrimaryExpression	16		395	1					
ANR	1612	ExpressionStatement	y_table16 [ i ] = ( yval >> 4 ) << rbase	140:12:5873:5915	395	1	True				
ANR	1613	AssignmentExpression	y_table16 [ i ] = ( yval >> 4 ) << rbase		395	0		=			
ANR	1614	ArrayIndexing	y_table16 [ i ]		395	0					
ANR	1615	Identifier	y_table16		395	0					
ANR	1616	Identifier	i		395	1					
ANR	1617	ShiftExpression	( yval >> 4 ) << rbase		395	1		<<			
ANR	1618	ShiftExpression	yval >> 4		395	0		>>			
ANR	1619	Identifier	yval		395	0					
ANR	1620	PrimaryExpression	4		395	1					
ANR	1621	Identifier	rbase		395	1					
ANR	1622	ExpressionStatement	y_table16 [ i + 1024 ] = ( yval >> 4 ) << gbase	141:12:5929:5971	395	2	True				
ANR	1623	AssignmentExpression	y_table16 [ i + 1024 ] = ( yval >> 4 ) << gbase		395	0		=			
ANR	1624	ArrayIndexing	y_table16 [ i + 1024 ]		395	0					
ANR	1625	Identifier	y_table16		395	0					
ANR	1626	AdditiveExpression	i + 1024		395	1		+			
ANR	1627	Identifier	i		395	0					
ANR	1628	PrimaryExpression	1024		395	1					
ANR	1629	ShiftExpression	( yval >> 4 ) << gbase		395	1		<<			
ANR	1630	ShiftExpression	yval >> 4		395	0		>>			
ANR	1631	Identifier	yval		395	0					
ANR	1632	PrimaryExpression	4		395	1					
ANR	1633	Identifier	gbase		395	1					
ANR	1634	ExpressionStatement	y_table16 [ i + 2048 ] = ( yval >> 4 ) << bbase	142:12:5985:6027	395	3	True				
ANR	1635	AssignmentExpression	y_table16 [ i + 2048 ] = ( yval >> 4 ) << bbase		395	0		=			
ANR	1636	ArrayIndexing	y_table16 [ i + 2048 ]		395	0					
ANR	1637	Identifier	y_table16		395	0					
ANR	1638	AdditiveExpression	i + 2048		395	1		+			
ANR	1639	Identifier	i		395	0					
ANR	1640	PrimaryExpression	2048		395	1					
ANR	1641	ShiftExpression	( yval >> 4 ) << bbase		395	1		<<			
ANR	1642	ShiftExpression	yval >> 4		395	0		>>			
ANR	1643	Identifier	yval		395	0					
ANR	1644	PrimaryExpression	4		395	1					
ANR	1645	Identifier	bbase		395	1					
ANR	1646	ExpressionStatement	yb += cy	143:12:6041:6049	395	4	True				
ANR	1647	AssignmentExpression	yb += cy		395	0		+=			
ANR	1648	Identifier	yb		395	0					
ANR	1649	Identifier	cy		395	1					
ANR	1650	IfStatement	if ( isNotNe )		395	46					
ANR	1651	Condition	isNotNe	145:12:6073:6079	395	0	True				
ANR	1652	Identifier	isNotNe		395	0					
ANR	1653	ForStatement	for ( i = 0 ; i < 1024 * 3 ; i ++ )		395	1					
ANR	1654	ForInit	i = 0 ;	146:17:6099:6104	395	0	True				
ANR	1655	AssignmentExpression	i = 0		395	0		=			
ANR	1656	Identifier	i		395	0					
ANR	1657	PrimaryExpression	0		395	1					
ANR	1658	Condition	i < 1024 * 3	146:24:6106:6117	395	1	True				
ANR	1659	RelationalExpression	i < 1024 * 3		395	0		<			
ANR	1660	Identifier	i		395	0					
ANR	1661	MultiplicativeExpression	1024 * 3		395	1		*			
ANR	1662	PrimaryExpression	1024		395	0					
ANR	1663	PrimaryExpression	3		395	1					
ANR	1664	PostIncDecOperationExpression	i ++	146:38:6120:6122	395	2	True				
ANR	1665	Identifier	i		395	0					
ANR	1666	IncDec	++		395	1					
ANR	1667	ExpressionStatement	y_table16 [ i ] = av_bswap16 ( y_table16 [ i ] )	147:16:6141:6180	395	3	True				
ANR	1668	AssignmentExpression	y_table16 [ i ] = av_bswap16 ( y_table16 [ i ] )		395	0		=			
ANR	1669	ArrayIndexing	y_table16 [ i ]		395	0					
ANR	1670	Identifier	y_table16		395	0					
ANR	1671	Identifier	i		395	1					
ANR	1672	CallExpression	av_bswap16 ( y_table16 [ i ] )		395	1					
ANR	1673	Callee	av_bswap16		395	0					
ANR	1674	Identifier	av_bswap16		395	0					
ANR	1675	ArgumentList	y_table16 [ i ]		395	1					
ANR	1676	Argument	y_table16 [ i ]		395	0					
ANR	1677	ArrayIndexing	y_table16 [ i ]		395	0					
ANR	1678	Identifier	y_table16		395	0					
ANR	1679	Identifier	i		395	1					
ANR	1680	ExpressionStatement	"fill_table ( c -> table_rV , 2 , crv , y_table16 + yoffs )"	148:8:6190:6240	395	47	True				
ANR	1681	CallExpression	"fill_table ( c -> table_rV , 2 , crv , y_table16 + yoffs )"		395	0					
ANR	1682	Callee	fill_table		395	0					
ANR	1683	Identifier	fill_table		395	0					
ANR	1684	ArgumentList	c -> table_rV		395	1					
ANR	1685	Argument	c -> table_rV		395	0					
ANR	1686	PtrMemberAccess	c -> table_rV		395	0					
ANR	1687	Identifier	c		395	0					
ANR	1688	Identifier	table_rV		395	1					
ANR	1689	Argument	2		395	1					
ANR	1690	PrimaryExpression	2		395	0					
ANR	1691	Argument	crv		395	2					
ANR	1692	Identifier	crv		395	0					
ANR	1693	Argument	y_table16 + yoffs		395	3					
ANR	1694	AdditiveExpression	y_table16 + yoffs		395	0		+			
ANR	1695	Identifier	y_table16		395	0					
ANR	1696	Identifier	yoffs		395	1					
ANR	1697	ExpressionStatement	"fill_table ( c -> table_gU , 2 , cgu , y_table16 + yoffs + 1024 )"	149:8:6250:6307	395	48	True				
ANR	1698	CallExpression	"fill_table ( c -> table_gU , 2 , cgu , y_table16 + yoffs + 1024 )"		395	0					
ANR	1699	Callee	fill_table		395	0					
ANR	1700	Identifier	fill_table		395	0					
ANR	1701	ArgumentList	c -> table_gU		395	1					
ANR	1702	Argument	c -> table_gU		395	0					
ANR	1703	PtrMemberAccess	c -> table_gU		395	0					
ANR	1704	Identifier	c		395	0					
ANR	1705	Identifier	table_gU		395	1					
ANR	1706	Argument	2		395	1					
ANR	1707	PrimaryExpression	2		395	0					
ANR	1708	Argument	cgu		395	2					
ANR	1709	Identifier	cgu		395	0					
ANR	1710	Argument	y_table16 + yoffs + 1024		395	3					
ANR	1711	AdditiveExpression	y_table16 + yoffs + 1024		395	0		+			
ANR	1712	Identifier	y_table16		395	0					
ANR	1713	AdditiveExpression	yoffs + 1024		395	1		+			
ANR	1714	Identifier	yoffs		395	0					
ANR	1715	PrimaryExpression	1024		395	1					
ANR	1716	ExpressionStatement	"fill_table ( c -> table_bU , 2 , cbu , y_table16 + yoffs + 2048 )"	150:8:6317:6374	395	49	True				
ANR	1717	CallExpression	"fill_table ( c -> table_bU , 2 , cbu , y_table16 + yoffs + 2048 )"		395	0					
ANR	1718	Callee	fill_table		395	0					
ANR	1719	Identifier	fill_table		395	0					
ANR	1720	ArgumentList	c -> table_bU		395	1					
ANR	1721	Argument	c -> table_bU		395	0					
ANR	1722	PtrMemberAccess	c -> table_bU		395	0					
ANR	1723	Identifier	c		395	0					
ANR	1724	Identifier	table_bU		395	1					
ANR	1725	Argument	2		395	1					
ANR	1726	PrimaryExpression	2		395	0					
ANR	1727	Argument	cbu		395	2					
ANR	1728	Identifier	cbu		395	0					
ANR	1729	Argument	y_table16 + yoffs + 2048		395	3					
ANR	1730	AdditiveExpression	y_table16 + yoffs + 2048		395	0		+			
ANR	1731	Identifier	y_table16		395	0					
ANR	1732	AdditiveExpression	yoffs + 2048		395	1		+			
ANR	1733	Identifier	yoffs		395	0					
ANR	1734	PrimaryExpression	2048		395	1					
ANR	1735	ExpressionStatement	"fill_gv_table ( c -> table_gV , 2 , cgv )"	151:8:6384:6418	395	50	True				
ANR	1736	CallExpression	"fill_gv_table ( c -> table_gV , 2 , cgv )"		395	0					
ANR	1737	Callee	fill_gv_table		395	0					
ANR	1738	Identifier	fill_gv_table		395	0					
ANR	1739	ArgumentList	c -> table_gV		395	1					
ANR	1740	Argument	c -> table_gV		395	0					
ANR	1741	PtrMemberAccess	c -> table_gV		395	0					
ANR	1742	Identifier	c		395	0					
ANR	1743	Identifier	table_gV		395	1					
ANR	1744	Argument	2		395	1					
ANR	1745	PrimaryExpression	2		395	0					
ANR	1746	Argument	cgv		395	2					
ANR	1747	Identifier	cgv		395	0					
ANR	1748	BreakStatement	break ;	152:8:6428:6433	395	51	True				
ANR	1749	Label	case 15 :	153:4:6439:6446	395	52	True				
ANR	1750	Label	case 16 :	154:4:6452:6459	395	53	True				
ANR	1751	ExpressionStatement	rbase = isRgb ? bpp - 5 : 0	155:8:6469:6502	395	54	True				
ANR	1752	AssignmentExpression	rbase = isRgb ? bpp - 5 : 0		395	0		=			
ANR	1753	Identifier	rbase		395	0					
ANR	1754	ConditionalExpression	isRgb ? bpp - 5 : 0		395	1					
ANR	1755	Condition	isRgb		395	0					
ANR	1756	Identifier	isRgb		395	0					
ANR	1757	AdditiveExpression	bpp - 5		395	1		-			
ANR	1758	Identifier	bpp		395	0					
ANR	1759	PrimaryExpression	5		395	1					
ANR	1760	PrimaryExpression	0		395	2					
ANR	1761	ExpressionStatement	gbase = 5	156:8:6512:6527	395	55	True				
ANR	1762	AssignmentExpression	gbase = 5		395	0		=			
ANR	1763	Identifier	gbase		395	0					
ANR	1764	PrimaryExpression	5		395	1					
ANR	1765	ExpressionStatement	bbase = isRgb ? 0 : ( bpp - 5 )	157:8:6537:6572	395	56	True				
ANR	1766	AssignmentExpression	bbase = isRgb ? 0 : ( bpp - 5 )		395	0		=			
ANR	1767	Identifier	bbase		395	0					
ANR	1768	ConditionalExpression	isRgb ? 0 : ( bpp - 5 )		395	1					
ANR	1769	Condition	isRgb		395	0					
ANR	1770	Identifier	isRgb		395	0					
ANR	1771	PrimaryExpression	0		395	1					
ANR	1772	AdditiveExpression	bpp - 5		395	2		-			
ANR	1773	Identifier	bpp		395	0					
ANR	1774	PrimaryExpression	5		395	1					
ANR	1775	ExpressionStatement	c -> yuvTable = av_malloc ( 1024 * 3 * 2 )	158:8:6582:6619	395	57	True				
ANR	1776	AssignmentExpression	c -> yuvTable = av_malloc ( 1024 * 3 * 2 )		395	0		=			
ANR	1777	PtrMemberAccess	c -> yuvTable		395	0					
ANR	1778	Identifier	c		395	0					
ANR	1779	Identifier	yuvTable		395	1					
ANR	1780	CallExpression	av_malloc ( 1024 * 3 * 2 )		395	1					
ANR	1781	Callee	av_malloc		395	0					
ANR	1782	Identifier	av_malloc		395	0					
ANR	1783	ArgumentList	1024 * 3 * 2		395	1					
ANR	1784	Argument	1024 * 3 * 2		395	0					
ANR	1785	MultiplicativeExpression	1024 * 3 * 2		395	0		*			
ANR	1786	PrimaryExpression	1024		395	0					
ANR	1787	MultiplicativeExpression	3 * 2		395	1		*			
ANR	1788	PrimaryExpression	3		395	0					
ANR	1789	PrimaryExpression	2		395	1					
ANR	1790	ExpressionStatement	y_table16 = c -> yuvTable	159:8:6629:6654	395	58	True				
ANR	1791	AssignmentExpression	y_table16 = c -> yuvTable		395	0		=			
ANR	1792	Identifier	y_table16		395	0					
ANR	1793	PtrMemberAccess	c -> yuvTable		395	1					
ANR	1794	Identifier	c		395	0					
ANR	1795	Identifier	yuvTable		395	1					
ANR	1796	ExpressionStatement	yb = - ( 384 << 16 ) - oy	160:8:6664:6686	395	59	True				
ANR	1797	AssignmentExpression	yb = - ( 384 << 16 ) - oy		395	0		=			
ANR	1798	Identifier	yb		395	0					
ANR	1799	AdditiveExpression	- ( 384 << 16 ) - oy		395	1		-			
ANR	1800	UnaryOperationExpression	- ( 384 << 16 )		395	0					
ANR	1801	UnaryOperator	-		395	0					
ANR	1802	ShiftExpression	384 << 16		395	1		<<			
ANR	1803	PrimaryExpression	384		395	0					
ANR	1804	PrimaryExpression	16		395	1					
ANR	1805	Identifier	oy		395	1					
ANR	1806	ForStatement	for ( i = 0 ; i < 1024 ; i ++ )		395	60					
ANR	1807	ForInit	i = 0 ;	161:13:6701:6706	395	0	True				
ANR	1808	AssignmentExpression	i = 0		395	0		=			
ANR	1809	Identifier	i		395	0					
ANR	1810	PrimaryExpression	0		395	1					
ANR	1811	Condition	i < 1024	161:20:6708:6715	395	1	True				
ANR	1812	RelationalExpression	i < 1024		395	0		<			
ANR	1813	Identifier	i		395	0					
ANR	1814	PrimaryExpression	1024		395	1					
ANR	1815	PostIncDecOperationExpression	i ++	161:30:6718:6720	395	2	True				
ANR	1816	Identifier	i		395	0					
ANR	1817	IncDec	++		395	1					
ANR	1818	CompoundStatement		159:12:6525:6581	395	3					
ANR	1819	IdentifierDeclStatement	uint8_t yval = av_clip_uint8 ( ( yb + 0x8000 ) >> 16 ) ;	162:12:6737:6793	395	0	True				
ANR	1820	IdentifierDecl	yval = av_clip_uint8 ( ( yb + 0x8000 ) >> 16 )		395	0					
ANR	1821	IdentifierDeclType	uint8_t		395	0					
ANR	1822	Identifier	yval		395	1					
ANR	1823	AssignmentExpression	yval = av_clip_uint8 ( ( yb + 0x8000 ) >> 16 )		395	2		=			
ANR	1824	Identifier	yval		395	0					
ANR	1825	CallExpression	av_clip_uint8 ( ( yb + 0x8000 ) >> 16 )		395	1					
ANR	1826	Callee	av_clip_uint8		395	0					
ANR	1827	Identifier	av_clip_uint8		395	0					
ANR	1828	ArgumentList	( yb + 0x8000 ) >> 16		395	1					
ANR	1829	Argument	( yb + 0x8000 ) >> 16		395	0					
ANR	1830	ShiftExpression	( yb + 0x8000 ) >> 16		395	0		>>			
ANR	1831	AdditiveExpression	yb + 0x8000		395	0		+			
ANR	1832	Identifier	yb		395	0					
ANR	1833	PrimaryExpression	0x8000		395	1					
ANR	1834	PrimaryExpression	16		395	1					
ANR	1835	ExpressionStatement	y_table16 [ i ] = ( yval >> 3 ) << rbase	163:12:6807:6858	395	1	True				
ANR	1836	AssignmentExpression	y_table16 [ i ] = ( yval >> 3 ) << rbase		395	0		=			
ANR	1837	ArrayIndexing	y_table16 [ i ]		395	0					
ANR	1838	Identifier	y_table16		395	0					
ANR	1839	Identifier	i		395	1					
ANR	1840	ShiftExpression	( yval >> 3 ) << rbase		395	1		<<			
ANR	1841	ShiftExpression	yval >> 3		395	0		>>			
ANR	1842	Identifier	yval		395	0					
ANR	1843	PrimaryExpression	3		395	1					
ANR	1844	Identifier	rbase		395	1					
ANR	1845	ExpressionStatement	y_table16 [ i + 1024 ] = ( yval >> ( 18 - bpp ) ) << gbase	164:12:6872:6923	395	2	True				
ANR	1846	AssignmentExpression	y_table16 [ i + 1024 ] = ( yval >> ( 18 - bpp ) ) << gbase		395	0		=			
ANR	1847	ArrayIndexing	y_table16 [ i + 1024 ]		395	0					
ANR	1848	Identifier	y_table16		395	0					
ANR	1849	AdditiveExpression	i + 1024		395	1		+			
ANR	1850	Identifier	i		395	0					
ANR	1851	PrimaryExpression	1024		395	1					
ANR	1852	ShiftExpression	( yval >> ( 18 - bpp ) ) << gbase		395	1		<<			
ANR	1853	ShiftExpression	yval >> ( 18 - bpp )		395	0		>>			
ANR	1854	Identifier	yval		395	0					
ANR	1855	AdditiveExpression	18 - bpp		395	1		-			
ANR	1856	PrimaryExpression	18		395	0					
ANR	1857	Identifier	bpp		395	1					
ANR	1858	Identifier	gbase		395	1					
ANR	1859	ExpressionStatement	y_table16 [ i + 2048 ] = ( yval >> 3 ) << bbase	165:12:6937:6988	395	3	True				
ANR	1860	AssignmentExpression	y_table16 [ i + 2048 ] = ( yval >> 3 ) << bbase		395	0		=			
ANR	1861	ArrayIndexing	y_table16 [ i + 2048 ]		395	0					
ANR	1862	Identifier	y_table16		395	0					
ANR	1863	AdditiveExpression	i + 2048		395	1		+			
ANR	1864	Identifier	i		395	0					
ANR	1865	PrimaryExpression	2048		395	1					
ANR	1866	ShiftExpression	( yval >> 3 ) << bbase		395	1		<<			
ANR	1867	ShiftExpression	yval >> 3		395	0		>>			
ANR	1868	Identifier	yval		395	0					
ANR	1869	PrimaryExpression	3		395	1					
ANR	1870	Identifier	bbase		395	1					
ANR	1871	ExpressionStatement	yb += cy	166:12:7002:7010	395	4	True				
ANR	1872	AssignmentExpression	yb += cy		395	0		+=			
ANR	1873	Identifier	yb		395	0					
ANR	1874	Identifier	cy		395	1					
ANR	1875	IfStatement	if ( isNotNe )		395	61					
ANR	1876	Condition	isNotNe	168:12:7034:7040	395	0	True				
ANR	1877	Identifier	isNotNe		395	0					
ANR	1878	ForStatement	for ( i = 0 ; i < 1024 * 3 ; i ++ )		395	1					
ANR	1879	ForInit	i = 0 ;	169:17:7060:7065	395	0	True				
ANR	1880	AssignmentExpression	i = 0		395	0		=			
ANR	1881	Identifier	i		395	0					
ANR	1882	PrimaryExpression	0		395	1					
ANR	1883	Condition	i < 1024 * 3	169:24:7067:7078	395	1	True				
ANR	1884	RelationalExpression	i < 1024 * 3		395	0		<			
ANR	1885	Identifier	i		395	0					
ANR	1886	MultiplicativeExpression	1024 * 3		395	1		*			
ANR	1887	PrimaryExpression	1024		395	0					
ANR	1888	PrimaryExpression	3		395	1					
ANR	1889	PostIncDecOperationExpression	i ++	169:38:7081:7083	395	2	True				
ANR	1890	Identifier	i		395	0					
ANR	1891	IncDec	++		395	1					
ANR	1892	ExpressionStatement	y_table16 [ i ] = av_bswap16 ( y_table16 [ i ] )	170:16:7102:7141	395	3	True				
ANR	1893	AssignmentExpression	y_table16 [ i ] = av_bswap16 ( y_table16 [ i ] )		395	0		=			
ANR	1894	ArrayIndexing	y_table16 [ i ]		395	0					
ANR	1895	Identifier	y_table16		395	0					
ANR	1896	Identifier	i		395	1					
ANR	1897	CallExpression	av_bswap16 ( y_table16 [ i ] )		395	1					
ANR	1898	Callee	av_bswap16		395	0					
ANR	1899	Identifier	av_bswap16		395	0					
ANR	1900	ArgumentList	y_table16 [ i ]		395	1					
ANR	1901	Argument	y_table16 [ i ]		395	0					
ANR	1902	ArrayIndexing	y_table16 [ i ]		395	0					
ANR	1903	Identifier	y_table16		395	0					
ANR	1904	Identifier	i		395	1					
ANR	1905	ExpressionStatement	"fill_table ( c -> table_rV , 2 , crv , y_table16 + yoffs )"	171:8:7151:7201	395	62	True				
ANR	1906	CallExpression	"fill_table ( c -> table_rV , 2 , crv , y_table16 + yoffs )"		395	0					
ANR	1907	Callee	fill_table		395	0					
ANR	1908	Identifier	fill_table		395	0					
ANR	1909	ArgumentList	c -> table_rV		395	1					
ANR	1910	Argument	c -> table_rV		395	0					
ANR	1911	PtrMemberAccess	c -> table_rV		395	0					
ANR	1912	Identifier	c		395	0					
ANR	1913	Identifier	table_rV		395	1					
ANR	1914	Argument	2		395	1					
ANR	1915	PrimaryExpression	2		395	0					
ANR	1916	Argument	crv		395	2					
ANR	1917	Identifier	crv		395	0					
ANR	1918	Argument	y_table16 + yoffs		395	3					
ANR	1919	AdditiveExpression	y_table16 + yoffs		395	0		+			
ANR	1920	Identifier	y_table16		395	0					
ANR	1921	Identifier	yoffs		395	1					
ANR	1922	ExpressionStatement	"fill_table ( c -> table_gU , 2 , cgu , y_table16 + yoffs + 1024 )"	172:8:7211:7268	395	63	True				
ANR	1923	CallExpression	"fill_table ( c -> table_gU , 2 , cgu , y_table16 + yoffs + 1024 )"		395	0					
ANR	1924	Callee	fill_table		395	0					
ANR	1925	Identifier	fill_table		395	0					
ANR	1926	ArgumentList	c -> table_gU		395	1					
ANR	1927	Argument	c -> table_gU		395	0					
ANR	1928	PtrMemberAccess	c -> table_gU		395	0					
ANR	1929	Identifier	c		395	0					
ANR	1930	Identifier	table_gU		395	1					
ANR	1931	Argument	2		395	1					
ANR	1932	PrimaryExpression	2		395	0					
ANR	1933	Argument	cgu		395	2					
ANR	1934	Identifier	cgu		395	0					
ANR	1935	Argument	y_table16 + yoffs + 1024		395	3					
ANR	1936	AdditiveExpression	y_table16 + yoffs + 1024		395	0		+			
ANR	1937	Identifier	y_table16		395	0					
ANR	1938	AdditiveExpression	yoffs + 1024		395	1		+			
ANR	1939	Identifier	yoffs		395	0					
ANR	1940	PrimaryExpression	1024		395	1					
ANR	1941	ExpressionStatement	"fill_table ( c -> table_bU , 2 , cbu , y_table16 + yoffs + 2048 )"	173:8:7278:7335	395	64	True				
ANR	1942	CallExpression	"fill_table ( c -> table_bU , 2 , cbu , y_table16 + yoffs + 2048 )"		395	0					
ANR	1943	Callee	fill_table		395	0					
ANR	1944	Identifier	fill_table		395	0					
ANR	1945	ArgumentList	c -> table_bU		395	1					
ANR	1946	Argument	c -> table_bU		395	0					
ANR	1947	PtrMemberAccess	c -> table_bU		395	0					
ANR	1948	Identifier	c		395	0					
ANR	1949	Identifier	table_bU		395	1					
ANR	1950	Argument	2		395	1					
ANR	1951	PrimaryExpression	2		395	0					
ANR	1952	Argument	cbu		395	2					
ANR	1953	Identifier	cbu		395	0					
ANR	1954	Argument	y_table16 + yoffs + 2048		395	3					
ANR	1955	AdditiveExpression	y_table16 + yoffs + 2048		395	0		+			
ANR	1956	Identifier	y_table16		395	0					
ANR	1957	AdditiveExpression	yoffs + 2048		395	1		+			
ANR	1958	Identifier	yoffs		395	0					
ANR	1959	PrimaryExpression	2048		395	1					
ANR	1960	ExpressionStatement	"fill_gv_table ( c -> table_gV , 2 , cgv )"	174:8:7345:7379	395	65	True				
ANR	1961	CallExpression	"fill_gv_table ( c -> table_gV , 2 , cgv )"		395	0					
ANR	1962	Callee	fill_gv_table		395	0					
ANR	1963	Identifier	fill_gv_table		395	0					
ANR	1964	ArgumentList	c -> table_gV		395	1					
ANR	1965	Argument	c -> table_gV		395	0					
ANR	1966	PtrMemberAccess	c -> table_gV		395	0					
ANR	1967	Identifier	c		395	0					
ANR	1968	Identifier	table_gV		395	1					
ANR	1969	Argument	2		395	1					
ANR	1970	PrimaryExpression	2		395	0					
ANR	1971	Argument	cgv		395	2					
ANR	1972	Identifier	cgv		395	0					
ANR	1973	BreakStatement	break ;	175:8:7389:7394	395	66	True				
ANR	1974	Label	case 24 :	176:4:7400:7407	395	67	True				
ANR	1975	Label	case 48 :	177:4:7413:7420	395	68	True				
ANR	1976	ExpressionStatement	c -> yuvTable = av_malloc ( 1024 )	178:8:7430:7459	395	69	True				
ANR	1977	AssignmentExpression	c -> yuvTable = av_malloc ( 1024 )		395	0		=			
ANR	1978	PtrMemberAccess	c -> yuvTable		395	0					
ANR	1979	Identifier	c		395	0					
ANR	1980	Identifier	yuvTable		395	1					
ANR	1981	CallExpression	av_malloc ( 1024 )		395	1					
ANR	1982	Callee	av_malloc		395	0					
ANR	1983	Identifier	av_malloc		395	0					
ANR	1984	ArgumentList	1024		395	1					
ANR	1985	Argument	1024		395	0					
ANR	1986	PrimaryExpression	1024		395	0					
ANR	1987	ExpressionStatement	y_table = c -> yuvTable	179:8:7469:7494	395	70	True				
ANR	1988	AssignmentExpression	y_table = c -> yuvTable		395	0		=			
ANR	1989	Identifier	y_table		395	0					
ANR	1990	PtrMemberAccess	c -> yuvTable		395	1					
ANR	1991	Identifier	c		395	0					
ANR	1992	Identifier	yuvTable		395	1					
ANR	1993	ExpressionStatement	yb = - ( 384 << 16 ) - oy	180:8:7504:7526	395	71	True				
ANR	1994	AssignmentExpression	yb = - ( 384 << 16 ) - oy		395	0		=			
ANR	1995	Identifier	yb		395	0					
ANR	1996	AdditiveExpression	- ( 384 << 16 ) - oy		395	1		-			
ANR	1997	UnaryOperationExpression	- ( 384 << 16 )		395	0					
ANR	1998	UnaryOperator	-		395	0					
ANR	1999	ShiftExpression	384 << 16		395	1		<<			
ANR	2000	PrimaryExpression	384		395	0					
ANR	2001	PrimaryExpression	16		395	1					
ANR	2002	Identifier	oy		395	1					
ANR	2003	ForStatement	for ( i = 0 ; i < 1024 ; i ++ )		395	72					
ANR	2004	ForInit	i = 0 ;	181:13:7541:7546	395	0	True				
ANR	2005	AssignmentExpression	i = 0		395	0		=			
ANR	2006	Identifier	i		395	0					
ANR	2007	PrimaryExpression	0		395	1					
ANR	2008	Condition	i < 1024	181:20:7548:7555	395	1	True				
ANR	2009	RelationalExpression	i < 1024		395	0		<			
ANR	2010	Identifier	i		395	0					
ANR	2011	PrimaryExpression	1024		395	1					
ANR	2012	PostIncDecOperationExpression	i ++	181:30:7558:7560	395	2	True				
ANR	2013	Identifier	i		395	0					
ANR	2014	IncDec	++		395	1					
ANR	2015	CompoundStatement		178:35:7351:7351	395	3					
ANR	2016	ExpressionStatement	y_table [ i ] = av_clip_uint8 ( ( yb + 0x8000 ) >> 16 )	182:12:7577:7625	395	0	True				
ANR	2017	AssignmentExpression	y_table [ i ] = av_clip_uint8 ( ( yb + 0x8000 ) >> 16 )		395	0		=			
ANR	2018	ArrayIndexing	y_table [ i ]		395	0					
ANR	2019	Identifier	y_table		395	0					
ANR	2020	Identifier	i		395	1					
ANR	2021	CallExpression	av_clip_uint8 ( ( yb + 0x8000 ) >> 16 )		395	1					
ANR	2022	Callee	av_clip_uint8		395	0					
ANR	2023	Identifier	av_clip_uint8		395	0					
ANR	2024	ArgumentList	( yb + 0x8000 ) >> 16		395	1					
ANR	2025	Argument	( yb + 0x8000 ) >> 16		395	0					
ANR	2026	ShiftExpression	( yb + 0x8000 ) >> 16		395	0		>>			
ANR	2027	AdditiveExpression	yb + 0x8000		395	0		+			
ANR	2028	Identifier	yb		395	0					
ANR	2029	PrimaryExpression	0x8000		395	1					
ANR	2030	PrimaryExpression	16		395	1					
ANR	2031	ExpressionStatement	yb += cy	183:12:7639:7655	395	1	True				
ANR	2032	AssignmentExpression	yb += cy		395	0		+=			
ANR	2033	Identifier	yb		395	0					
ANR	2034	Identifier	cy		395	1					
ANR	2035	ExpressionStatement	"fill_table ( c -> table_rV , 1 , crv , y_table + yoffs )"	185:8:7675:7723	395	73	True				
ANR	2036	CallExpression	"fill_table ( c -> table_rV , 1 , crv , y_table + yoffs )"		395	0					
ANR	2037	Callee	fill_table		395	0					
ANR	2038	Identifier	fill_table		395	0					
ANR	2039	ArgumentList	c -> table_rV		395	1					
ANR	2040	Argument	c -> table_rV		395	0					
ANR	2041	PtrMemberAccess	c -> table_rV		395	0					
ANR	2042	Identifier	c		395	0					
ANR	2043	Identifier	table_rV		395	1					
ANR	2044	Argument	1		395	1					
ANR	2045	PrimaryExpression	1		395	0					
ANR	2046	Argument	crv		395	2					
ANR	2047	Identifier	crv		395	0					
ANR	2048	Argument	y_table + yoffs		395	3					
ANR	2049	AdditiveExpression	y_table + yoffs		395	0		+			
ANR	2050	Identifier	y_table		395	0					
ANR	2051	Identifier	yoffs		395	1					
ANR	2052	ExpressionStatement	"fill_table ( c -> table_gU , 1 , cgu , y_table + yoffs )"	186:8:7733:7781	395	74	True				
ANR	2053	CallExpression	"fill_table ( c -> table_gU , 1 , cgu , y_table + yoffs )"		395	0					
ANR	2054	Callee	fill_table		395	0					
ANR	2055	Identifier	fill_table		395	0					
ANR	2056	ArgumentList	c -> table_gU		395	1					
ANR	2057	Argument	c -> table_gU		395	0					
ANR	2058	PtrMemberAccess	c -> table_gU		395	0					
ANR	2059	Identifier	c		395	0					
ANR	2060	Identifier	table_gU		395	1					
ANR	2061	Argument	1		395	1					
ANR	2062	PrimaryExpression	1		395	0					
ANR	2063	Argument	cgu		395	2					
ANR	2064	Identifier	cgu		395	0					
ANR	2065	Argument	y_table + yoffs		395	3					
ANR	2066	AdditiveExpression	y_table + yoffs		395	0		+			
ANR	2067	Identifier	y_table		395	0					
ANR	2068	Identifier	yoffs		395	1					
ANR	2069	ExpressionStatement	"fill_table ( c -> table_bU , 1 , cbu , y_table + yoffs )"	187:8:7791:7839	395	75	True				
ANR	2070	CallExpression	"fill_table ( c -> table_bU , 1 , cbu , y_table + yoffs )"		395	0					
ANR	2071	Callee	fill_table		395	0					
ANR	2072	Identifier	fill_table		395	0					
ANR	2073	ArgumentList	c -> table_bU		395	1					
ANR	2074	Argument	c -> table_bU		395	0					
ANR	2075	PtrMemberAccess	c -> table_bU		395	0					
ANR	2076	Identifier	c		395	0					
ANR	2077	Identifier	table_bU		395	1					
ANR	2078	Argument	1		395	1					
ANR	2079	PrimaryExpression	1		395	0					
ANR	2080	Argument	cbu		395	2					
ANR	2081	Identifier	cbu		395	0					
ANR	2082	Argument	y_table + yoffs		395	3					
ANR	2083	AdditiveExpression	y_table + yoffs		395	0		+			
ANR	2084	Identifier	y_table		395	0					
ANR	2085	Identifier	yoffs		395	1					
ANR	2086	ExpressionStatement	"fill_gv_table ( c -> table_gV , 1 , cgv )"	188:8:7849:7883	395	76	True				
ANR	2087	CallExpression	"fill_gv_table ( c -> table_gV , 1 , cgv )"		395	0					
ANR	2088	Callee	fill_gv_table		395	0					
ANR	2089	Identifier	fill_gv_table		395	0					
ANR	2090	ArgumentList	c -> table_gV		395	1					
ANR	2091	Argument	c -> table_gV		395	0					
ANR	2092	PtrMemberAccess	c -> table_gV		395	0					
ANR	2093	Identifier	c		395	0					
ANR	2094	Identifier	table_gV		395	1					
ANR	2095	Argument	1		395	1					
ANR	2096	PrimaryExpression	1		395	0					
ANR	2097	Argument	cgv		395	2					
ANR	2098	Identifier	cgv		395	0					
ANR	2099	BreakStatement	break ;	189:8:7893:7898	395	77	True				
ANR	2100	Label	case 32 :	190:4:7904:7911	395	78	True				
ANR	2101	ExpressionStatement	base = ( c -> dstFormat == AV_PIX_FMT_RGB32_1 || c -> dstFormat == AV_PIX_FMT_BGR32_1 ) ? 8 : 0	191:8:7921:8036	395	79	True				
ANR	2102	AssignmentExpression	base = ( c -> dstFormat == AV_PIX_FMT_RGB32_1 || c -> dstFormat == AV_PIX_FMT_BGR32_1 ) ? 8 : 0		395	0		=			
ANR	2103	Identifier	base		395	0					
ANR	2104	ConditionalExpression	( c -> dstFormat == AV_PIX_FMT_RGB32_1 || c -> dstFormat == AV_PIX_FMT_BGR32_1 ) ? 8 : 0		395	1					
ANR	2105	Condition	c -> dstFormat == AV_PIX_FMT_RGB32_1 || c -> dstFormat == AV_PIX_FMT_BGR32_1		395	0					
ANR	2106	OrExpression	c -> dstFormat == AV_PIX_FMT_RGB32_1 || c -> dstFormat == AV_PIX_FMT_BGR32_1		395	0		||			
ANR	2107	EqualityExpression	c -> dstFormat == AV_PIX_FMT_RGB32_1		395	0		==			
ANR	2108	PtrMemberAccess	c -> dstFormat		395	0					
ANR	2109	Identifier	c		395	0					
ANR	2110	Identifier	dstFormat		395	1					
ANR	2111	Identifier	AV_PIX_FMT_RGB32_1		395	1					
ANR	2112	EqualityExpression	c -> dstFormat == AV_PIX_FMT_BGR32_1		395	1		==			
ANR	2113	PtrMemberAccess	c -> dstFormat		395	0					
ANR	2114	Identifier	c		395	0					
ANR	2115	Identifier	dstFormat		395	1					
ANR	2116	Identifier	AV_PIX_FMT_BGR32_1		395	1					
ANR	2117	PrimaryExpression	8		395	1					
ANR	2118	PrimaryExpression	0		395	2					
ANR	2119	ExpressionStatement	rbase = base + ( isRgb ? 16 : 0 )	193:8:8046:8081	395	80	True				
ANR	2120	AssignmentExpression	rbase = base + ( isRgb ? 16 : 0 )		395	0		=			
ANR	2121	Identifier	rbase		395	0					
ANR	2122	AdditiveExpression	base + ( isRgb ? 16 : 0 )		395	1		+			
ANR	2123	Identifier	base		395	0					
ANR	2124	ConditionalExpression	isRgb ? 16 : 0		395	1					
ANR	2125	Condition	isRgb		395	0					
ANR	2126	Identifier	isRgb		395	0					
ANR	2127	PrimaryExpression	16		395	1					
ANR	2128	PrimaryExpression	0		395	2					
ANR	2129	ExpressionStatement	gbase = base + 8	194:8:8091:8111	395	81	True				
ANR	2130	AssignmentExpression	gbase = base + 8		395	0		=			
ANR	2131	Identifier	gbase		395	0					
ANR	2132	AdditiveExpression	base + 8		395	1		+			
ANR	2133	Identifier	base		395	0					
ANR	2134	PrimaryExpression	8		395	1					
ANR	2135	ExpressionStatement	bbase = base + ( isRgb ? 0 : 16 )	195:8:8121:8156	395	82	True				
ANR	2136	AssignmentExpression	bbase = base + ( isRgb ? 0 : 16 )		395	0		=			
ANR	2137	Identifier	bbase		395	0					
ANR	2138	AdditiveExpression	base + ( isRgb ? 0 : 16 )		395	1		+			
ANR	2139	Identifier	base		395	0					
ANR	2140	ConditionalExpression	isRgb ? 0 : 16		395	1					
ANR	2141	Condition	isRgb		395	0					
ANR	2142	Identifier	isRgb		395	0					
ANR	2143	PrimaryExpression	0		395	1					
ANR	2144	PrimaryExpression	16		395	2					
ANR	2145	ExpressionStatement	needAlpha = CONFIG_SWSCALE_ALPHA && isALPHA ( c -> srcFormat )	196:8:8166:8223	395	83	True				
ANR	2146	AssignmentExpression	needAlpha = CONFIG_SWSCALE_ALPHA && isALPHA ( c -> srcFormat )		395	0		=			
ANR	2147	Identifier	needAlpha		395	0					
ANR	2148	AndExpression	CONFIG_SWSCALE_ALPHA && isALPHA ( c -> srcFormat )		395	1		&&			
ANR	2149	Identifier	CONFIG_SWSCALE_ALPHA		395	0					
ANR	2150	CallExpression	isALPHA ( c -> srcFormat )		395	1					
ANR	2151	Callee	isALPHA		395	0					
ANR	2152	Identifier	isALPHA		395	0					
ANR	2153	ArgumentList	c -> srcFormat		395	1					
ANR	2154	Argument	c -> srcFormat		395	0					
ANR	2155	PtrMemberAccess	c -> srcFormat		395	0					
ANR	2156	Identifier	c		395	0					
ANR	2157	Identifier	srcFormat		395	1					
ANR	2158	IfStatement	if ( ! needAlpha )		395	84					
ANR	2159	Condition	! needAlpha	197:12:8237:8246	395	0	True				
ANR	2160	UnaryOperationExpression	! needAlpha		395	0					
ANR	2161	UnaryOperator	!		395	0					
ANR	2162	Identifier	needAlpha		395	1					
ANR	2163	ExpressionStatement	abase = ( base + 24 ) & 31	198:12:8261:8285	395	1	True				
ANR	2164	AssignmentExpression	abase = ( base + 24 ) & 31		395	0		=			
ANR	2165	Identifier	abase		395	0					
ANR	2166	BitAndExpression	( base + 24 ) & 31		395	1		&			
ANR	2167	AdditiveExpression	base + 24		395	0		+			
ANR	2168	Identifier	base		395	0					
ANR	2169	PrimaryExpression	24		395	1					
ANR	2170	PrimaryExpression	31		395	1					
ANR	2171	ExpressionStatement	c -> yuvTable = av_malloc ( 1024 * 3 * 4 )	199:8:8295:8332	395	85	True				
ANR	2172	AssignmentExpression	c -> yuvTable = av_malloc ( 1024 * 3 * 4 )		395	0		=			
ANR	2173	PtrMemberAccess	c -> yuvTable		395	0					
ANR	2174	Identifier	c		395	0					
ANR	2175	Identifier	yuvTable		395	1					
ANR	2176	CallExpression	av_malloc ( 1024 * 3 * 4 )		395	1					
ANR	2177	Callee	av_malloc		395	0					
ANR	2178	Identifier	av_malloc		395	0					
ANR	2179	ArgumentList	1024 * 3 * 4		395	1					
ANR	2180	Argument	1024 * 3 * 4		395	0					
ANR	2181	MultiplicativeExpression	1024 * 3 * 4		395	0		*			
ANR	2182	PrimaryExpression	1024		395	0					
ANR	2183	MultiplicativeExpression	3 * 4		395	1		*			
ANR	2184	PrimaryExpression	3		395	0					
ANR	2185	PrimaryExpression	4		395	1					
ANR	2186	ExpressionStatement	y_table32 = c -> yuvTable	200:8:8342:8367	395	86	True				
ANR	2187	AssignmentExpression	y_table32 = c -> yuvTable		395	0		=			
ANR	2188	Identifier	y_table32		395	0					
ANR	2189	PtrMemberAccess	c -> yuvTable		395	1					
ANR	2190	Identifier	c		395	0					
ANR	2191	Identifier	yuvTable		395	1					
ANR	2192	ExpressionStatement	yb = - ( 384 << 16 ) - oy	201:8:8377:8399	395	87	True				
ANR	2193	AssignmentExpression	yb = - ( 384 << 16 ) - oy		395	0		=			
ANR	2194	Identifier	yb		395	0					
ANR	2195	AdditiveExpression	- ( 384 << 16 ) - oy		395	1		-			
ANR	2196	UnaryOperationExpression	- ( 384 << 16 )		395	0					
ANR	2197	UnaryOperator	-		395	0					
ANR	2198	ShiftExpression	384 << 16		395	1		<<			
ANR	2199	PrimaryExpression	384		395	0					
ANR	2200	PrimaryExpression	16		395	1					
ANR	2201	Identifier	oy		395	1					
ANR	2202	ForStatement	for ( i = 0 ; i < 1024 ; i ++ )		395	88					
ANR	2203	ForInit	i = 0 ;	202:13:8414:8419	395	0	True				
ANR	2204	AssignmentExpression	i = 0		395	0		=			
ANR	2205	Identifier	i		395	0					
ANR	2206	PrimaryExpression	0		395	1					
ANR	2207	Condition	i < 1024	202:20:8421:8428	395	1	True				
ANR	2208	RelationalExpression	i < 1024		395	0		<			
ANR	2209	Identifier	i		395	0					
ANR	2210	PrimaryExpression	1024		395	1					
ANR	2211	PostIncDecOperationExpression	i ++	202:30:8431:8433	395	2	True				
ANR	2212	Identifier	i		395	0					
ANR	2213	IncDec	++		395	1					
ANR	2214	CompoundStatement		200:12:8238:8294	395	3					
ANR	2215	IdentifierDeclStatement	unsigned yval = av_clip_uint8 ( ( yb + 0x8000 ) >> 16 ) ;	203:12:8450:8506	395	0	True				
ANR	2216	IdentifierDecl	yval = av_clip_uint8 ( ( yb + 0x8000 ) >> 16 )		395	0					
ANR	2217	IdentifierDeclType	unsigned		395	0					
ANR	2218	Identifier	yval		395	1					
ANR	2219	AssignmentExpression	yval = av_clip_uint8 ( ( yb + 0x8000 ) >> 16 )		395	2		=			
ANR	2220	Identifier	yval		395	0					
ANR	2221	CallExpression	av_clip_uint8 ( ( yb + 0x8000 ) >> 16 )		395	1					
ANR	2222	Callee	av_clip_uint8		395	0					
ANR	2223	Identifier	av_clip_uint8		395	0					
ANR	2224	ArgumentList	( yb + 0x8000 ) >> 16		395	1					
ANR	2225	Argument	( yb + 0x8000 ) >> 16		395	0					
ANR	2226	ShiftExpression	( yb + 0x8000 ) >> 16		395	0		>>			
ANR	2227	AdditiveExpression	yb + 0x8000		395	0		+			
ANR	2228	Identifier	yb		395	0					
ANR	2229	PrimaryExpression	0x8000		395	1					
ANR	2230	PrimaryExpression	16		395	1					
ANR	2231	ExpressionStatement	y_table32 [ i ] = ( yval << rbase ) + ( needAlpha ? 0 : ( 255u << abase ) )	204:12:8520:8627	395	1	True				
ANR	2232	AssignmentExpression	y_table32 [ i ] = ( yval << rbase ) + ( needAlpha ? 0 : ( 255u << abase ) )		395	0		=			
ANR	2233	ArrayIndexing	y_table32 [ i ]		395	0					
ANR	2234	Identifier	y_table32		395	0					
ANR	2235	Identifier	i		395	1					
ANR	2236	AdditiveExpression	( yval << rbase ) + ( needAlpha ? 0 : ( 255u << abase ) )		395	1		+			
ANR	2237	ShiftExpression	yval << rbase		395	0		<<			
ANR	2238	Identifier	yval		395	0					
ANR	2239	Identifier	rbase		395	1					
ANR	2240	ConditionalExpression	needAlpha ? 0 : ( 255u << abase )		395	1					
ANR	2241	Condition	needAlpha		395	0					
ANR	2242	Identifier	needAlpha		395	0					
ANR	2243	PrimaryExpression	0		395	1					
ANR	2244	ShiftExpression	255u << abase		395	2		<<			
ANR	2245	PrimaryExpression	255u		395	0					
ANR	2246	Identifier	abase		395	1					
ANR	2247	ExpressionStatement	y_table32 [ i + 1024 ] = yval << gbase	206:12:8641:8677	395	2	True				
ANR	2248	AssignmentExpression	y_table32 [ i + 1024 ] = yval << gbase		395	0		=			
ANR	2249	ArrayIndexing	y_table32 [ i + 1024 ]		395	0					
ANR	2250	Identifier	y_table32		395	0					
ANR	2251	AdditiveExpression	i + 1024		395	1		+			
ANR	2252	Identifier	i		395	0					
ANR	2253	PrimaryExpression	1024		395	1					
ANR	2254	ShiftExpression	yval << gbase		395	1		<<			
ANR	2255	Identifier	yval		395	0					
ANR	2256	Identifier	gbase		395	1					
ANR	2257	ExpressionStatement	y_table32 [ i + 2048 ] = yval << bbase	207:12:8691:8727	395	3	True				
ANR	2258	AssignmentExpression	y_table32 [ i + 2048 ] = yval << bbase		395	0		=			
ANR	2259	ArrayIndexing	y_table32 [ i + 2048 ]		395	0					
ANR	2260	Identifier	y_table32		395	0					
ANR	2261	AdditiveExpression	i + 2048		395	1		+			
ANR	2262	Identifier	i		395	0					
ANR	2263	PrimaryExpression	2048		395	1					
ANR	2264	ShiftExpression	yval << bbase		395	1		<<			
ANR	2265	Identifier	yval		395	0					
ANR	2266	Identifier	bbase		395	1					
ANR	2267	ExpressionStatement	yb += cy	208:12:8741:8749	395	4	True				
ANR	2268	AssignmentExpression	yb += cy		395	0		+=			
ANR	2269	Identifier	yb		395	0					
ANR	2270	Identifier	cy		395	1					
ANR	2271	ExpressionStatement	"fill_table ( c -> table_rV , 4 , crv , y_table32 + yoffs )"	210:8:8769:8819	395	89	True				
ANR	2272	CallExpression	"fill_table ( c -> table_rV , 4 , crv , y_table32 + yoffs )"		395	0					
ANR	2273	Callee	fill_table		395	0					
ANR	2274	Identifier	fill_table		395	0					
ANR	2275	ArgumentList	c -> table_rV		395	1					
ANR	2276	Argument	c -> table_rV		395	0					
ANR	2277	PtrMemberAccess	c -> table_rV		395	0					
ANR	2278	Identifier	c		395	0					
ANR	2279	Identifier	table_rV		395	1					
ANR	2280	Argument	4		395	1					
ANR	2281	PrimaryExpression	4		395	0					
ANR	2282	Argument	crv		395	2					
ANR	2283	Identifier	crv		395	0					
ANR	2284	Argument	y_table32 + yoffs		395	3					
ANR	2285	AdditiveExpression	y_table32 + yoffs		395	0		+			
ANR	2286	Identifier	y_table32		395	0					
ANR	2287	Identifier	yoffs		395	1					
ANR	2288	ExpressionStatement	"fill_table ( c -> table_gU , 4 , cgu , y_table32 + yoffs + 1024 )"	211:8:8829:8886	395	90	True				
ANR	2289	CallExpression	"fill_table ( c -> table_gU , 4 , cgu , y_table32 + yoffs + 1024 )"		395	0					
ANR	2290	Callee	fill_table		395	0					
ANR	2291	Identifier	fill_table		395	0					
ANR	2292	ArgumentList	c -> table_gU		395	1					
ANR	2293	Argument	c -> table_gU		395	0					
ANR	2294	PtrMemberAccess	c -> table_gU		395	0					
ANR	2295	Identifier	c		395	0					
ANR	2296	Identifier	table_gU		395	1					
ANR	2297	Argument	4		395	1					
ANR	2298	PrimaryExpression	4		395	0					
ANR	2299	Argument	cgu		395	2					
ANR	2300	Identifier	cgu		395	0					
ANR	2301	Argument	y_table32 + yoffs + 1024		395	3					
ANR	2302	AdditiveExpression	y_table32 + yoffs + 1024		395	0		+			
ANR	2303	Identifier	y_table32		395	0					
ANR	2304	AdditiveExpression	yoffs + 1024		395	1		+			
ANR	2305	Identifier	yoffs		395	0					
ANR	2306	PrimaryExpression	1024		395	1					
ANR	2307	ExpressionStatement	"fill_table ( c -> table_bU , 4 , cbu , y_table32 + yoffs + 2048 )"	212:8:8896:8953	395	91	True				
ANR	2308	CallExpression	"fill_table ( c -> table_bU , 4 , cbu , y_table32 + yoffs + 2048 )"		395	0					
ANR	2309	Callee	fill_table		395	0					
ANR	2310	Identifier	fill_table		395	0					
ANR	2311	ArgumentList	c -> table_bU		395	1					
ANR	2312	Argument	c -> table_bU		395	0					
ANR	2313	PtrMemberAccess	c -> table_bU		395	0					
ANR	2314	Identifier	c		395	0					
ANR	2315	Identifier	table_bU		395	1					
ANR	2316	Argument	4		395	1					
ANR	2317	PrimaryExpression	4		395	0					
ANR	2318	Argument	cbu		395	2					
ANR	2319	Identifier	cbu		395	0					
ANR	2320	Argument	y_table32 + yoffs + 2048		395	3					
ANR	2321	AdditiveExpression	y_table32 + yoffs + 2048		395	0		+			
ANR	2322	Identifier	y_table32		395	0					
ANR	2323	AdditiveExpression	yoffs + 2048		395	1		+			
ANR	2324	Identifier	yoffs		395	0					
ANR	2325	PrimaryExpression	2048		395	1					
ANR	2326	ExpressionStatement	"fill_gv_table ( c -> table_gV , 4 , cgv )"	213:8:8963:8997	395	92	True				
ANR	2327	CallExpression	"fill_gv_table ( c -> table_gV , 4 , cgv )"		395	0					
ANR	2328	Callee	fill_gv_table		395	0					
ANR	2329	Identifier	fill_gv_table		395	0					
ANR	2330	ArgumentList	c -> table_gV		395	1					
ANR	2331	Argument	c -> table_gV		395	0					
ANR	2332	PtrMemberAccess	c -> table_gV		395	0					
ANR	2333	Identifier	c		395	0					
ANR	2334	Identifier	table_gV		395	1					
ANR	2335	Argument	4		395	1					
ANR	2336	PrimaryExpression	4		395	0					
ANR	2337	Argument	cgv		395	2					
ANR	2338	Identifier	cgv		395	0					
ANR	2339	BreakStatement	break ;	214:8:9007:9012	395	93	True				
ANR	2340	Label	default :	215:4:9018:9025	395	94	True				
ANR	2341	Identifier	default		395	0					
ANR	2342	ExpressionStatement	c -> yuvTable = NULL	216:8:9035:9053	395	95	True				
ANR	2343	AssignmentExpression	c -> yuvTable = NULL		395	0		=			
ANR	2344	PtrMemberAccess	c -> yuvTable		395	0					
ANR	2345	Identifier	c		395	0					
ANR	2346	Identifier	yuvTable		395	1					
ANR	2347	Identifier	NULL		395	1					
ANR	2348	IfStatement	if ( ! isPlanar ( c -> dstFormat ) || bpp <= 24 )		395	96					
ANR	2349	Condition	! isPlanar ( c -> dstFormat ) || bpp <= 24	217:11:9066:9101	395	0	True				
ANR	2350	OrExpression	! isPlanar ( c -> dstFormat ) || bpp <= 24		395	0		||			
ANR	2351	UnaryOperationExpression	! isPlanar ( c -> dstFormat )		395	0					
ANR	2352	UnaryOperator	!		395	0					
ANR	2353	CallExpression	isPlanar ( c -> dstFormat )		395	1					
ANR	2354	Callee	isPlanar		395	0					
ANR	2355	Identifier	isPlanar		395	0					
ANR	2356	ArgumentList	c -> dstFormat		395	1					
ANR	2357	Argument	c -> dstFormat		395	0					
ANR	2358	PtrMemberAccess	c -> dstFormat		395	0					
ANR	2359	Identifier	c		395	0					
ANR	2360	Identifier	dstFormat		395	1					
ANR	2361	RelationalExpression	bpp <= 24		395	1		<=			
ANR	2362	Identifier	bpp		395	0					
ANR	2363	PrimaryExpression	24		395	1					
ANR	2364	ExpressionStatement	"av_log ( c , AV_LOG_ERROR , ""%ibpp not supported by yuv2rgb\\n"" , bpp )"	218:12:9116:9180	395	1	True				
ANR	2365	CallExpression	"av_log ( c , AV_LOG_ERROR , ""%ibpp not supported by yuv2rgb\\n"" , bpp )"		395	0					
ANR	2366	Callee	av_log		395	0					
ANR	2367	Identifier	av_log		395	0					
ANR	2368	ArgumentList	c		395	1					
ANR	2369	Argument	c		395	0					
ANR	2370	Identifier	c		395	0					
ANR	2371	Argument	AV_LOG_ERROR		395	1					
ANR	2372	Identifier	AV_LOG_ERROR		395	0					
ANR	2373	Argument	"""%ibpp not supported by yuv2rgb\\n"""		395	2					
ANR	2374	PrimaryExpression	"""%ibpp not supported by yuv2rgb\\n"""		395	0					
ANR	2375	Argument	bpp		395	3					
ANR	2376	Identifier	bpp		395	0					
ANR	2377	ReturnStatement	return - 1 ;	219:8:9190:9199	395	97	True				
ANR	2378	UnaryOperationExpression	- 1		395	0					
ANR	2379	UnaryOperator	-		395	0					
ANR	2380	PrimaryExpression	1		395	1					
ANR	2381	ReturnStatement	return 0 ;	221:4:9211:9219	395	124	True				
ANR	2382	PrimaryExpression	0		395	0					
ANR	2383	ReturnType	av_cold int		395	1					
ANR	2384	Identifier	ff_yuv2rgb_c_init_tables		395	2					
ANR	2385	ParameterList	"SwsContext * c , const int inv_table [ 4 ] , int fullRange , int brightness , int contrast , int saturation"		395	3					
ANR	2386	Parameter	SwsContext * c	1:37:37:49	395	0	True				
ANR	2387	ParameterType	SwsContext *		395	0					
ANR	2388	Identifier	c		395	1					
ANR	2389	Parameter	const int inv_table [ 4 ]	1:52:52:73	395	1	True				
ANR	2390	ParameterType	const int [ 4 ]		395	0					
ANR	2391	Identifier	inv_table		395	1					
ANR	2392	Parameter	int fullRange	2:37:113:125	395	2	True				
ANR	2393	ParameterType	int		395	0					
ANR	2394	Identifier	fullRange		395	1					
ANR	2395	Parameter	int brightness	2:52:128:141	395	3	True				
ANR	2396	ParameterType	int		395	0					
ANR	2397	Identifier	brightness		395	1					
ANR	2398	Parameter	int contrast	3:37:181:192	395	4	True				
ANR	2399	ParameterType	int		395	0					
ANR	2400	Identifier	contrast		395	1					
ANR	2401	Parameter	int saturation	3:51:195:208	395	5	True				
ANR	2402	ParameterType	int		395	0					
ANR	2403	Identifier	saturation		395	1					
ANR	2404	CFGEntryNode	ENTRY		395		True				
ANR	2405	CFGExitNode	EXIT		395		True				
ANR	2406	Symbol	AV_PIX_FMT_RGB444LE		395						
ANR	2407	Symbol	yoffs		395						
ANR	2408	Symbol	av_malloc		395						
ANR	2409	Symbol	AV_PIX_FMT_RGB4		395						
ANR	2410	Symbol	AV_PIX_FMT_RGB8		395						
ANR	2411	Symbol	yb		395						
ANR	2412	Symbol	c -> table_rV		395						
ANR	2413	Symbol	isPlanar		395						
ANR	2414	Symbol	saturation		395						
ANR	2415	Symbol	cgu		395						
ANR	2416	Symbol	c -> dstFormatBpp		395						
ANR	2417	Symbol	cgv		395						
ANR	2418	Symbol	RGB555BE		395						
ANR	2419	Symbol	AV_PIX_FMT_RGB555LE		395						
ANR	2420	Symbol	needAlpha		395						
ANR	2421	Symbol	BGR555LE		395						
ANR	2422	Symbol	c -> yuv2rgb_y_offset		395						
ANR	2423	Symbol	c -> table_bU		395						
ANR	2424	Symbol	inv_table		395						
ANR	2425	Symbol	BGR444BE		395						
ANR	2426	Symbol	bbase		395						
ANR	2427	Symbol	CONFIG_SWSCALE_ALPHA		395						
ANR	2428	Symbol	NULL		395						
ANR	2429	Symbol	fullRange		395						
ANR	2430	Symbol	AV_PIX_FMT_RGB32_1		395						
ANR	2431	Symbol	AV_PIX_FMT_NE		395						
ANR	2432	Symbol	AV_PIX_FMT_BGR32_1		395						
ANR	2433	Symbol	c -> srcFormat		395						
ANR	2434	Symbol	RGB444LE		395						
ANR	2435	Symbol	yval		395						
ANR	2436	Symbol	BGR565BE		395						
ANR	2437	Symbol	c -> yuv2rgb_v2g_coeff		395						
ANR	2438	Symbol	abase		395						
ANR	2439	Symbol	contrast		395						
ANR	2440	Symbol	rbase		395						
ANR	2441	Symbol	isALPHA		395						
ANR	2442	Symbol	AV_PIX_FMT_RGB4_BYTE		395						
ANR	2443	Symbol	c -> table_gV		395						
ANR	2444	Symbol	AV_PIX_FMT_RGB444BE		395						
ANR	2445	Symbol	c -> table_gU		395						
ANR	2446	Symbol	c -> yuv2rgb_u2b_coeff		395						
ANR	2447	Symbol	* y_table16		395						
ANR	2448	Symbol	isRgb		395						
ANR	2449	Symbol	RGB565LE		395						
ANR	2450	Symbol	y_table32		395						
ANR	2451	Symbol	av_clip_uint8		395						
ANR	2452	Symbol	isNotNe		395						
ANR	2453	Symbol	roundToInt16		395						
ANR	2454	Symbol	* y_table		395						
ANR	2455	Symbol	AV_PIX_FMT_RGB565BE		395						
ANR	2456	Symbol	BGR555BE		395						
ANR	2457	Symbol	* inv_table		395						
ANR	2458	Symbol	av_bswap16		395						
ANR	2459	Symbol	c -> yuv2rgb_y_coeff		395						
ANR	2460	Symbol	c -> yuvTable		395						
ANR	2461	Symbol	RGB555LE		395						
ANR	2462	Symbol	c -> dstFormat		395						
ANR	2463	Symbol	gbase		395						
ANR	2464	Symbol	c		395						
ANR	2465	Symbol	bpp		395						
ANR	2466	Symbol	AV_LOG_ERROR		395						
ANR	2467	Symbol	RGB444BE		395						
ANR	2468	Symbol	crv		395						
ANR	2469	Symbol	i		395						
ANR	2470	Symbol	BGR444LE		395						
ANR	2471	Symbol	oy		395						
ANR	2472	Symbol	AV_PIX_FMT_RGB555BE		395						
ANR	2473	Symbol	* c		395						
ANR	2474	Symbol	AV_PIX_FMT_BGR24		395						
ANR	2475	Symbol	AV_PIX_FMT_RGB32		395						
ANR	2476	Symbol	brightness		395						
ANR	2477	Symbol	* i		395						
ANR	2478	Symbol	RGB565BE		395						
ANR	2479	Symbol	c -> yuv2rgb_v2r_coeff		395						
ANR	2480	Symbol	y_table16		395						
ANR	2481	Symbol	y_table		395						
ANR	2482	Symbol	cy		395						
ANR	2483	Symbol	AV_PIX_FMT_RGB565LE		395						
ANR	2484	Symbol	cbu		395						
ANR	2485	Symbol	BGR565LE		395						
ANR	2486	Symbol	AV_PIX_FMT_MONOBLACK		395						
ANR	2487	Symbol	* y_table32		395						
ANR	2488	Symbol	base		395						
ANR	2489	Symbol	c -> yuv2rgb_u2g_coeff		395						
